value,reportDate,prettyValue,realtyId
207595.0,2020-02-01,207 595 ₽/м²,1
220493.0,2020-03-01,220 493 ₽/м²,1
228764.0,2020-04-01,228 764 ₽/м²,1
228764.0,2020-05-01,228 764 ₽/м²,1
239315.0,2020-06-01,239 315 ₽/м²,1
236383.0,2020-07-01,236 383 ₽/м²,1
242815.0,2020-08-01,242 815 ₽/м²,1
264480.0,2020-09-01,264 480 ₽/м²,1
271186.0,2020-12-01,271 186 ₽/м²,1
253054.0,2021-01-01,253 054 ₽/м²,1
249660.0,2021-02-01,249 660 ₽/м²,1
241441.0,2021-03-01,241 441 ₽/м²,1
249352.0,2021-04-01,249 352 ₽/м²,1
258928.0,2021-05-01,258 928 ₽/м²,1
273997.0,2021-06-01,273 997 ₽/м²,1
294263.0,2021-07-01,294 263 ₽/м²,1
300768.0,2021-08-01,300 768 ₽/м²,1
286521.0,2021-09-01,286 521 ₽/м²,1
292509.0,2021-10-01,292 509 ₽/м²,1
308614.0,2021-11-01,308 614 ₽/м²,1
308614.0,2021-12-01,308 614 ₽/м²,1
314879.0,2022-01-01,314 879 ₽/м²,1
315990.0,2022-02-01,315 990 ₽/м²,1
327094.0,2022-04-01,327 094 ₽/м²,1
275862.0,2022-05-01,275 862 ₽/м²,1
272414.0,2022-06-01,272 414 ₽/м²,1
291396.0,2022-07-01,291 396 ₽/м²,1
300303.0,2022-08-01,300 303 ₽/м²,1
312955.0,2022-09-01,312 955 ₽/м²,1
315520.0,2022-10-01,315 520 ₽/м²,1
311993.0,2022-11-01,311 993 ₽/м²,1
311993.0,2022-12-01,311 993 ₽/м²,1
315520.0,2023-02-01,315 520 ₽/м²,1
315520.0,2023-03-01,315 520 ₽/м²,1
315520.0,2023-04-01,315 520 ₽/м²,1
345455.0,2023-08-01,345 455 ₽/м²,1
345455.0,2023-09-01,345 455 ₽/м²,1
387320.0,2024-09-01,387 320 ₽/м²,1
390781.0,2024-10-01,390 781 ₽/м²,1
380991.0,2024-11-01,380 991 ₽/м²,1
372210.0,2024-12-01,372 210 ₽/м²,1
369513.0,2025-01-01,369 513 ₽/м²,1
166667.0,2020-02-01,166 667 ₽/м²,2
174888.0,2020-07-01,174 888 ₽/м²,2
207106.0,2020-08-01,207 106 ₽/м²,2
233959.0,2020-09-01,233 959 ₽/м²,2
213435.0,2020-10-01,213 435 ₽/м²,2
212375.0,2020-11-01,212 375 ₽/м²,2
212375.0,2020-12-01,212 375 ₽/м²,2
212375.0,2021-01-01,212 375 ₽/м²,2
254505.0,2021-04-01,254 505 ₽/м²,2
270000.0,2022-03-01,270 000 ₽/м²,2
270000.0,2022-04-01,270 000 ₽/м²,2
304054.0,2022-05-01,304 054 ₽/м²,2
304054.0,2022-06-01,304 054 ₽/м²,2
304054.0,2022-07-01,304 054 ₽/м²,2
277027.0,2022-08-01,277 027 ₽/м²,2
270993.0,2022-09-01,270 993 ₽/м²,2
248269.0,2022-10-01,248 269 ₽/м²,2
271618.0,2022-11-01,271 618 ₽/м²,2
301581.0,2022-12-01,301 581 ₽/м²,2
301581.0,2023-01-01,301 581 ₽/м²,2
300465.0,2023-02-01,300 465 ₽/м²,2
300465.0,2023-03-01,300 465 ₽/м²,2
300310.0,2023-04-01,300 310 ₽/м²,2
300310.0,2023-05-01,300 310 ₽/м²,2
300465.0,2023-06-01,300 465 ₽/м²,2
304054.0,2023-07-01,304 054 ₽/м²,2
290894.0,2023-08-01,290 894 ₽/м²,2
323344.0,2023-09-01,323 344 ₽/м²,2
321112.0,2023-10-01,321 112 ₽/м²,2
338170.0,2023-11-01,338 170 ₽/м²,2
278396.0,2023-12-01,278 396 ₽/м²,2
278396.0,2024-01-01,278 396 ₽/м²,2
332425.0,2024-02-01,332 425 ₽/м²,2
344402.0,2024-03-01,344 402 ₽/м²,2
334038.0,2024-04-01,334 038 ₽/м²,2
332699.0,2024-05-01,332 699 ₽/м²,2
328969.0,2024-06-01,328 969 ₽/м²,2
318438.0,2024-07-01,318 438 ₽/м²,2
335347.0,2024-08-01,335 347 ₽/м²,2
324633.0,2024-09-01,324 633 ₽/м²,2
379460.0,2024-10-01,379 460 ₽/м²,2
379460.0,2024-11-01,379 460 ₽/м²,2
320635.0,2024-12-01,320 635 ₽/м²,2
319122.0,2025-01-01,319 122 ₽/м²,2
227778.0,2020-07-01,227 778 ₽/м²,3
229630.0,2020-08-01,229 630 ₽/м²,3
182500.0,2020-09-01,182 500 ₽/м²,3
182500.0,2020-10-01,182 500 ₽/м²,3
211714.0,2020-11-01,211 714 ₽/м²,3
245353.0,2021-04-01,245 353 ₽/м²,3
237149.0,2021-05-01,237 149 ₽/м²,3
235290.0,2021-06-01,235 290 ₽/м²,3
243049.0,2021-07-01,243 049 ₽/м²,3
239777.0,2021-08-01,239 777 ₽/м²,3
239777.0,2021-09-01,239 777 ₽/м²,3
239777.0,2021-10-01,239 777 ₽/м²,3
239777.0,2021-11-01,239 777 ₽/м²,3
252186.0,2021-12-01,252 186 ₽/м²,3
252186.0,2022-01-01,252 186 ₽/м²,3
254731.0,2022-02-01,254 731 ₽/м²,3
320756.0,2022-07-01,320 756 ₽/м²,3
351816.0,2022-08-01,351 816 ₽/м²,3
351816.0,2022-09-01,351 816 ₽/м²,3
343212.0,2022-10-01,343 212 ₽/м²,3
343212.0,2022-11-01,343 212 ₽/м²,3
312280.0,2022-12-01,312 280 ₽/м²,3
308082.0,2023-01-01,308 082 ₽/м²,3
298398.0,2023-02-01,298 398 ₽/м²,3
310580.0,2023-03-01,310 580 ₽/м²,3
310580.0,2023-04-01,310 580 ₽/м²,3
341542.0,2023-05-01,341 542 ₽/м²,3
341542.0,2023-06-01,341 542 ₽/м²,3
312500.0,2023-07-01,312 500 ₽/м²,3
312500.0,2023-08-01,312 500 ₽/м²,3
312500.0,2023-09-01,312 500 ₽/м²,3
312500.0,2023-10-01,312 500 ₽/м²,3
288326.0,2023-11-01,288 326 ₽/м²,3
312500.0,2023-12-01,312 500 ₽/м²,3
313750.0,2024-01-01,313 750 ₽/м²,3
327194.0,2024-02-01,327 194 ₽/м²,3
339388.0,2024-03-01,339 388 ₽/м²,3
326837.0,2024-04-01,326 837 ₽/м²,3
295238.0,2024-05-01,295 238 ₽/м²,3
317313.0,2024-06-01,317 313 ₽/м²,3
317313.0,2024-07-01,317 313 ₽/м²,3
295238.0,2024-08-01,295 238 ₽/м²,3
285714.0,2024-09-01,285 714 ₽/м²,3
303028.0,2024-10-01,303 028 ₽/м²,3
266667.0,2024-11-01,266 667 ₽/м²,3
266667.0,2024-12-01,266 667 ₽/м²,3
266667.0,2025-01-01,266 667 ₽/м²,3
221727.0,2020-02-01,221 727 ₽/м²,4
234415.0,2020-03-01,234 415 ₽/м²,4
230036.0,2020-04-01,230 036 ₽/м²,4
226269.0,2020-05-01,226 269 ₽/м²,4
226667.0,2020-06-01,226 667 ₽/м²,4
219000.0,2020-07-01,219 000 ₽/м²,4
226228.0,2020-08-01,226 228 ₽/м²,4
229024.0,2020-09-01,229 024 ₽/м²,4
219000.0,2020-10-01,219 000 ₽/м²,4
209900.0,2020-11-01,209 900 ₽/м²,4
209900.0,2020-12-01,209 900 ₽/м²,4
236000.0,2021-01-01,236 000 ₽/м²,4
252428.0,2021-02-01,252 428 ₽/м²,4
247502.0,2021-03-01,247 502 ₽/м²,4
246664.0,2021-04-01,246 664 ₽/м²,4
249025.0,2021-05-01,249 025 ₽/м²,4
248946.0,2021-06-01,248 946 ₽/м²,4
248033.0,2021-07-01,248 033 ₽/м²,4
253822.0,2021-08-01,253 822 ₽/м²,4
254393.0,2021-09-01,254 393 ₽/м²,4
264930.0,2021-10-01,264 930 ₽/м²,4
267200.0,2021-11-01,267 200 ₽/м²,4
274330.0,2021-12-01,274 330 ₽/м²,4
333333.0,2022-03-01,333 333 ₽/м²,4
333333.0,2022-04-01,333 333 ₽/м²,4
296296.0,2022-05-01,296 296 ₽/м²,4
296296.0,2022-06-01,296 296 ₽/м²,4
296296.0,2022-07-01,296 296 ₽/м²,4
296296.0,2022-08-01,296 296 ₽/м²,4
291265.0,2022-11-01,291 265 ₽/м²,4
266927.0,2022-12-01,266 927 ₽/м²,4
266927.0,2023-01-01,266 927 ₽/м²,4
280523.0,2023-02-01,280 523 ₽/м²,4
288553.0,2023-03-01,288 553 ₽/м²,4
284499.0,2023-04-01,284 499 ₽/м²,4
280378.0,2023-05-01,280 378 ₽/м²,4
282253.0,2023-06-01,282 253 ₽/м²,4
284707.0,2023-07-01,284 707 ₽/м²,4
318829.0,2023-08-01,318 829 ₽/м²,4
342172.0,2023-09-01,342 172 ₽/м²,4
346591.0,2023-10-01,346 591 ₽/м²,4
340629.0,2023-11-01,340 629 ₽/м²,4
340629.0,2023-12-01,340 629 ₽/м²,4
332652.0,2024-01-01,332 652 ₽/м²,4
319387.0,2024-02-01,319 387 ₽/м²,4
320934.0,2024-03-01,320 934 ₽/м²,4
325524.0,2024-04-01,325 524 ₽/м²,4
329160.0,2024-05-01,329 160 ₽/м²,4
332071.0,2024-06-01,332 071 ₽/м²,4
330151.0,2024-07-01,330 151 ₽/м²,4
339295.0,2024-08-01,339 295 ₽/м²,4
325661.0,2024-09-01,325 661 ₽/м²,4
328774.0,2024-10-01,328 774 ₽/м²,4
321824.0,2024-11-01,321 824 ₽/м²,4
326974.0,2024-12-01,326 974 ₽/м²,4
323686.0,2025-01-01,323 686 ₽/м²,4
164073.0,2020-03-01,164 073 ₽/м²,5
164073.0,2020-04-01,164 073 ₽/м²,5
171167.0,2020-05-01,171 167 ₽/м²,5
167580.0,2020-06-01,167 580 ₽/м²,5
164384.0,2020-07-01,164 384 ₽/м²,5
166192.0,2020-08-01,166 192 ₽/м²,5
168000.0,2020-09-01,168 000 ₽/м²,5
208589.0,2020-11-01,208 589 ₽/м²,5
224490.0,2020-12-01,224 490 ₽/м²,5
224490.0,2021-01-01,224 490 ₽/м²,5
222920.0,2021-02-01,222 920 ₽/м²,5
222920.0,2021-03-01,222 920 ₽/м²,5
223720.0,2021-04-01,223 720 ₽/м²,5
219505.0,2021-05-01,219 505 ₽/м²,5
220313.0,2021-06-01,220 313 ₽/м²,5
227335.0,2021-07-01,227 335 ₽/м²,5
215626.0,2021-08-01,215 626 ₽/м²,5
258860.0,2021-09-01,258 860 ₽/м²,5
240104.0,2021-10-01,240 104 ₽/м²,5
200000.0,2021-11-01,200 000 ₽/м²,5
210938.0,2021-12-01,210 938 ₽/м²,5
242188.0,2022-01-01,242 188 ₽/м²,5
256940.0,2022-02-01,256 940 ₽/м²,5
212934.0,2022-03-01,212 934 ₽/м²,5
224225.0,2022-04-01,224 225 ₽/м²,5
216641.0,2022-05-01,216 641 ₽/м²,5
216641.0,2022-06-01,216 641 ₽/м²,5
216641.0,2022-07-01,216 641 ₽/м²,5
216641.0,2022-08-01,216 641 ₽/м²,5
263736.0,2022-09-01,263 736 ₽/м²,5
274923.0,2022-10-01,274 923 ₽/м²,5
255386.0,2022-11-01,255 386 ₽/м²,5
245496.0,2022-12-01,245 496 ₽/м²,5
245496.0,2023-01-01,245 496 ₽/м²,5
244947.0,2023-02-01,244 947 ₽/м²,5
253363.0,2023-03-01,253 363 ₽/м²,5
276812.0,2023-06-01,276 812 ₽/м²,5
276812.0,2023-07-01,276 812 ₽/м²,5
317510.0,2023-08-01,317 510 ₽/м²,5
314015.0,2023-09-01,314 015 ₽/м²,5
303325.0,2023-10-01,303 325 ₽/м²,5
282633.0,2023-11-01,282 633 ₽/м²,5
277551.0,2023-12-01,277 551 ₽/м²,5
290409.0,2024-01-01,290 409 ₽/м²,5
292029.0,2024-02-01,292 029 ₽/м²,5
285916.0,2024-03-01,285 916 ₽/м²,5
286633.0,2024-04-01,286 633 ₽/м²,5
275124.0,2024-05-01,275 124 ₽/м²,5
271774.0,2024-06-01,271 774 ₽/м²,5
276014.0,2024-07-01,276 014 ₽/м²,5
277631.0,2024-08-01,277 631 ₽/м²,5
277290.0,2024-09-01,277 290 ₽/м²,5
270908.0,2024-10-01,270 908 ₽/м²,5
265038.0,2024-11-01,265 038 ₽/м²,5
266715.0,2024-12-01,266 715 ₽/м²,5
271618.0,2025-01-01,271 618 ₽/м²,5
193182.0,2020-07-01,193 182 ₽/м²,6
186364.0,2020-08-01,186 364 ₽/м²,6
210466.0,2020-09-01,210 466 ₽/м²,6
193182.0,2020-10-01,193 182 ₽/м²,6
283333.0,2021-04-01,283 333 ₽/м²,6
280303.0,2021-05-01,280 303 ₽/м²,6
235470.0,2021-08-01,235 470 ₽/м²,6
237607.0,2021-09-01,237 607 ₽/м²,6
237607.0,2021-10-01,237 607 ₽/м²,6
228973.0,2021-11-01,228 973 ₽/м²,6
225554.0,2021-12-01,225 554 ₽/м²,6
218644.0,2022-01-01,218 644 ₽/м²,6
215254.0,2022-02-01,215 254 ₽/м²,6
313589.0,2022-03-01,313 589 ₽/м²,6
320450.0,2022-04-01,320 450 ₽/м²,6
289776.0,2022-05-01,289 776 ₽/м²,6
299951.0,2022-06-01,299 951 ₽/м²,6
297709.0,2022-07-01,297 709 ₽/м²,6
279070.0,2022-08-01,279 070 ₽/м²,6
269082.0,2022-09-01,269 082 ₽/м²,6
365343.0,2022-10-01,365 343 ₽/м²,6
322200.0,2022-11-01,322 200 ₽/м²,6
238288.0,2022-12-01,238 288 ₽/м²,6
243182.0,2023-02-01,243 182 ₽/м²,6
261260.0,2023-03-01,261 260 ₽/м²,6
296448.0,2023-04-01,296 448 ₽/м²,6
298736.0,2023-05-01,298 736 ₽/м²,6
260771.0,2023-06-01,260 771 ₽/м²,6
320257.0,2023-07-01,320 257 ₽/м²,6
289930.0,2023-08-01,289 930 ₽/м²,6
298285.0,2023-09-01,298 285 ₽/м²,6
287958.0,2023-10-01,287 958 ₽/м²,6
325342.0,2023-11-01,325 342 ₽/м²,6
325342.0,2023-12-01,325 342 ₽/м²,6
325342.0,2024-01-01,325 342 ₽/м²,6
325342.0,2024-02-01,325 342 ₽/м²,6
325342.0,2024-03-01,325 342 ₽/м²,6
282051.0,2024-04-01,282 051 ₽/м²,6
289591.0,2024-05-01,289 591 ₽/м²,6
292934.0,2024-06-01,292 934 ₽/м²,6
316781.0,2024-07-01,316 781 ₽/м²,6
408039.0,2024-08-01,408 039 ₽/м²,6
352365.0,2024-09-01,352 365 ₽/м²,6
345702.0,2024-10-01,345 702 ₽/м²,6
329567.0,2024-11-01,329 567 ₽/м²,6
374419.0,2024-12-01,374 419 ₽/м²,6
410938.0,2025-01-01,410 938 ₽/м²,6
208333.0,2020-06-01,208 333 ₽/м²,7
200000.0,2020-07-01,200 000 ₽/м²,7
200000.0,2020-08-01,200 000 ₽/м²,7
214131.0,2020-09-01,214 131 ₽/м²,7
308152.0,2020-10-01,308 152 ₽/м²,7
199985.0,2020-11-01,199 985 ₽/м²,7
239170.0,2020-12-01,239 170 ₽/м²,7
221429.0,2021-01-01,221 429 ₽/м²,7
229359.0,2021-02-01,229 359 ₽/м²,7
225128.0,2021-03-01,225 128 ₽/м²,7
228284.0,2021-04-01,228 284 ₽/м²,7
233431.0,2021-05-01,233 431 ₽/м²,7
220833.0,2021-06-01,220 833 ₽/м²,7
239205.0,2021-07-01,239 205 ₽/м²,7
255556.0,2021-08-01,255 556 ₽/м²,7
251111.0,2021-09-01,251 111 ₽/м²,7
329827.0,2021-10-01,329 827 ₽/м²,7
328788.0,2021-11-01,328 788 ₽/м²,7
301538.0,2021-12-01,301 538 ₽/м²,7
301538.0,2022-01-01,301 538 ₽/м²,7
301538.0,2022-02-01,301 538 ₽/м²,7
326923.0,2022-03-01,326 923 ₽/м²,7
333333.0,2022-04-01,333 333 ₽/м²,7
317308.0,2022-05-01,317 308 ₽/м²,7
352289.0,2022-06-01,352 289 ₽/м²,7
336980.0,2022-07-01,336 980 ₽/м²,7
334398.0,2022-08-01,334 398 ₽/м²,7
339442.0,2022-09-01,339 442 ₽/м²,7
346047.0,2022-10-01,346 047 ₽/м²,7
342373.0,2022-11-01,342 373 ₽/м²,7
295198.0,2022-12-01,295 198 ₽/м²,7
296610.0,2023-01-01,296 610 ₽/м²,7
322218.0,2023-02-01,322 218 ₽/м²,7
304348.0,2023-03-01,304 348 ₽/м²,7
262492.0,2023-04-01,262 492 ₽/м²,7
262492.0,2023-05-01,262 492 ₽/м²,7
262492.0,2023-06-01,262 492 ₽/м²,7
286957.0,2023-07-01,286 957 ₽/м²,7
286957.0,2023-08-01,286 957 ₽/м²,7
286957.0,2023-09-01,286 957 ₽/м²,7
286957.0,2023-10-01,286 957 ₽/м²,7
293085.0,2023-11-01,293 085 ₽/м²,7
286957.0,2023-12-01,286 957 ₽/м²,7
260826.0,2024-01-01,260 826 ₽/м²,7
264781.0,2024-02-01,264 781 ₽/м²,7
296217.0,2024-03-01,296 217 ₽/м²,7
327372.0,2024-04-01,327 372 ₽/м²,7
320087.0,2024-06-01,320 087 ₽/м²,7
318422.0,2024-07-01,318 422 ₽/м²,7
308606.0,2024-08-01,308 606 ₽/м²,7
312049.0,2024-09-01,312 049 ₽/м²,7
297231.0,2024-10-01,297 231 ₽/м²,7
297299.0,2024-11-01,297 299 ₽/м²,7
303866.0,2024-12-01,303 866 ₽/м²,7
300031.0,2025-01-01,300 031 ₽/м²,7
224112.0,2020-02-01,224 112 ₽/м²,8
222396.0,2020-03-01,222 396 ₽/м²,8
213444.0,2020-04-01,213 444 ₽/м²,8
224653.0,2020-05-01,224 653 ₽/м²,8
206157.0,2020-06-01,206 157 ₽/м²,8
207835.0,2020-07-01,207 835 ₽/м²,8
207835.0,2020-08-01,207 835 ₽/м²,8
213767.0,2020-09-01,213 767 ₽/м²,8
213767.0,2020-10-01,213 767 ₽/м²,8
307112.0,2020-11-01,307 112 ₽/м²,8
276940.0,2020-12-01,276 940 ₽/м²,8
276940.0,2021-01-01,276 940 ₽/м²,8
301309.0,2021-02-01,301 309 ₽/м²,8
301309.0,2021-03-01,301 309 ₽/м²,8
293977.0,2021-04-01,293 977 ₽/м²,8
328314.0,2021-05-01,328 314 ₽/м²,8
301447.0,2021-06-01,301 447 ₽/м²,8
301447.0,2021-07-01,301 447 ₽/м²,8
309702.0,2021-08-01,309 702 ₽/м²,8
296537.0,2021-09-01,296 537 ₽/м²,8
300538.0,2021-10-01,300 538 ₽/м²,8
304350.0,2021-11-01,304 350 ₽/м²,8
310014.0,2021-12-01,310 014 ₽/м²,8
311075.0,2022-02-01,311 075 ₽/м²,8
328240.0,2022-03-01,328 240 ₽/м²,8
317590.0,2022-04-01,317 590 ₽/м²,8
291090.0,2022-05-01,291 090 ₽/м²,8
313394.0,2022-06-01,313 394 ₽/м²,8
319795.0,2022-07-01,319 795 ₽/м²,8
305332.0,2022-08-01,305 332 ₽/м²,8
306267.0,2022-09-01,306 267 ₽/м²,8
316595.0,2022-10-01,316 595 ₽/м²,8
307086.0,2022-11-01,307 086 ₽/м²,8
300978.0,2022-12-01,300 978 ₽/м²,8
291151.0,2023-01-01,291 151 ₽/м²,8
298630.0,2023-02-01,298 630 ₽/м²,8
315789.0,2023-03-01,315 789 ₽/м²,8
270441.0,2023-04-01,270 441 ₽/м²,8
302130.0,2023-05-01,302 130 ₽/м²,8
310038.0,2023-06-01,310 038 ₽/м²,8
297125.0,2023-07-01,297 125 ₽/м²,8
316334.0,2023-08-01,316 334 ₽/м²,8
334408.0,2023-09-01,334 408 ₽/м²,8
329107.0,2023-10-01,329 107 ₽/м²,8
334652.0,2023-11-01,334 652 ₽/м²,8
328326.0,2023-12-01,328 326 ₽/м²,8
324690.0,2024-01-01,324 690 ₽/м²,8
308307.0,2024-02-01,308 307 ₽/м²,8
307426.0,2024-03-01,307 426 ₽/м²,8
325115.0,2024-04-01,325 115 ₽/м²,8
326219.0,2024-05-01,326 219 ₽/м²,8
320096.0,2024-06-01,320 096 ₽/м²,8
331584.0,2024-07-01,331 584 ₽/м²,8
328575.0,2024-08-01,328 575 ₽/м²,8
344023.0,2024-09-01,344 023 ₽/м²,8
349430.0,2024-10-01,349 430 ₽/м²,8
337171.0,2024-11-01,337 171 ₽/м²,8
328817.0,2024-12-01,328 817 ₽/м²,8
308864.0,2025-01-01,308 864 ₽/м²,8
224628.0,2020-02-01,224 628 ₽/м²,9
219201.0,2020-03-01,219 201 ₽/м²,9
221678.0,2020-04-01,221 678 ₽/м²,9
224384.0,2020-05-01,224 384 ₽/м²,9
223509.0,2020-06-01,223 509 ₽/м²,9
221692.0,2020-07-01,221 692 ₽/м²,9
227454.0,2020-08-01,227 454 ₽/м²,9
261097.0,2020-10-01,261 097 ₽/м²,9
270994.0,2020-11-01,270 994 ₽/м²,9
266335.0,2020-12-01,266 335 ₽/м²,9
266941.0,2021-01-01,266 941 ₽/м²,9
277086.0,2021-02-01,277 086 ₽/м²,9
287169.0,2021-03-01,287 169 ₽/м²,9
283895.0,2021-04-01,283 895 ₽/м²,9
268750.0,2021-05-01,268 750 ₽/м²,9
268750.0,2021-06-01,268 750 ₽/м²,9
248750.0,2021-07-01,248 750 ₽/м²,9
254290.0,2021-08-01,254 290 ₽/м²,9
286440.0,2021-09-01,286 440 ₽/м²,9
294435.0,2021-10-01,294 435 ₽/м²,9
288266.0,2021-11-01,288 266 ₽/м²,9
281440.0,2021-12-01,281 440 ₽/м²,9
281440.0,2022-01-01,281 440 ₽/м²,9
281440.0,2022-02-01,281 440 ₽/м²,9
313559.0,2022-03-01,313 559 ₽/м²,9
361785.0,2022-04-01,361 785 ₽/м²,9
371795.0,2022-05-01,371 795 ₽/м²,9
371795.0,2022-06-01,371 795 ₽/м²,9
340113.0,2022-07-01,340 113 ₽/м²,9
366667.0,2022-08-01,366 667 ₽/м²,9
356410.0,2022-09-01,356 410 ₽/м²,9
333333.0,2022-10-01,333 333 ₽/м²,9
309379.0,2022-11-01,309 379 ₽/м²,9
310177.0,2022-12-01,310 177 ₽/м²,9
309867.0,2023-01-01,309 867 ₽/м²,9
307322.0,2023-02-01,307 322 ₽/м²,9
291645.0,2023-03-01,291 645 ₽/м²,9
285935.0,2023-04-01,285 935 ₽/м²,9
301656.0,2023-05-01,301 656 ₽/м²,9
301187.0,2023-06-01,301 187 ₽/м²,9
312120.0,2023-07-01,312 120 ₽/м²,9
308295.0,2023-08-01,308 295 ₽/м²,9
306494.0,2023-09-01,306 494 ₽/м²,9
312500.0,2023-10-01,312 500 ₽/м²,9
308604.0,2023-11-01,308 604 ₽/м²,9
280519.0,2023-12-01,280 519 ₽/м²,9
280519.0,2024-01-01,280 519 ₽/м²,9
321346.0,2024-02-01,321 346 ₽/м²,9
310200.0,2024-03-01,310 200 ₽/м²,9
317980.0,2024-04-01,317 980 ₽/м²,9
303918.0,2024-05-01,303 918 ₽/м²,9
267361.0,2024-06-01,267 361 ₽/м²,9
266927.0,2024-07-01,266 927 ₽/м²,9
259115.0,2024-08-01,259 115 ₽/м²,9
279011.0,2024-09-01,279 011 ₽/м²,9
312317.0,2024-10-01,312 317 ₽/м²,9
305329.0,2024-11-01,305 329 ₽/м²,9
318023.0,2024-12-01,318 023 ₽/м²,9
294541.0,2025-01-01,294 541 ₽/м²,9
216210.0,2020-02-01,216 210 ₽/м²,10
209303.0,2020-03-01,209 303 ₽/м²,10
212563.0,2020-04-01,212 563 ₽/м²,10
211453.0,2020-05-01,211 453 ₽/м²,10
218423.0,2020-06-01,218 423 ₽/м²,10
221684.0,2020-07-01,221 684 ₽/м²,10
221309.0,2020-08-01,221 309 ₽/м²,10
223214.0,2020-10-01,223 214 ₽/м²,10
223214.0,2020-11-01,223 214 ₽/м²,10
241071.0,2020-12-01,241 071 ₽/м²,10
239742.0,2021-01-01,239 742 ₽/м²,10
257419.0,2021-02-01,257 419 ₽/м²,10
251259.0,2021-03-01,251 259 ₽/м²,10
252267.0,2021-04-01,252 267 ₽/м²,10
278571.0,2021-05-01,278 571 ₽/м²,10
285099.0,2021-06-01,285 099 ₽/м²,10
283998.0,2021-07-01,283 998 ₽/м²,10
280520.0,2021-08-01,280 520 ₽/м²,10
279245.0,2021-09-01,279 245 ₽/м²,10
320429.0,2021-10-01,320 429 ₽/м²,10
265095.0,2021-11-01,265 095 ₽/м²,10
301790.0,2022-04-01,301 790 ₽/м²,10
288732.0,2022-05-01,288 732 ₽/м²,10
283549.0,2022-06-01,283 549 ₽/м²,10
270008.0,2022-07-01,270 008 ₽/м²,10
265244.0,2022-08-01,265 244 ₽/м²,10
277428.0,2022-09-01,277 428 ₽/м²,10
287373.0,2022-10-01,287 373 ₽/м²,10
289421.0,2022-11-01,289 421 ₽/м²,10
280807.0,2022-12-01,280 807 ₽/м²,10
280807.0,2023-01-01,280 807 ₽/м²,10
290000.0,2023-02-01,290 000 ₽/м²,10
286250.0,2023-03-01,286 250 ₽/м²,10
290000.0,2023-04-01,290 000 ₽/м²,10
306905.0,2023-07-01,306 905 ₽/м²,10
306905.0,2023-08-01,306 905 ₽/м²,10
309645.0,2023-10-01,309 645 ₽/м²,10
299492.0,2023-11-01,299 492 ₽/м²,10
299492.0,2023-12-01,299 492 ₽/м²,10
295585.0,2024-02-01,295 585 ₽/м²,10
264875.0,2024-03-01,264 875 ₽/м²,10
268714.0,2024-04-01,268 714 ₽/м²,10
373991.0,2024-05-01,373 991 ₽/м²,10
370943.0,2024-06-01,370 943 ₽/м²,10
338122.0,2024-07-01,338 122 ₽/м²,10
344427.0,2024-08-01,344 427 ₽/м²,10
329670.0,2024-09-01,329 670 ₽/м²,10
343200.0,2024-10-01,343 200 ₽/м²,10
325447.0,2024-11-01,325 447 ₽/м²,10
335165.0,2024-12-01,335 165 ₽/м²,10
328639.0,2025-01-01,328 639 ₽/м²,10
227080.0,2020-02-01,227 080 ₽/м²,11
237958.0,2020-03-01,237 958 ₽/м²,11
236401.0,2020-04-01,236 401 ₽/м²,11
240297.0,2020-05-01,240 297 ₽/м²,11
240014.0,2020-06-01,240 014 ₽/м²,11
236931.0,2020-07-01,236 931 ₽/м²,11
235621.0,2020-08-01,235 621 ₽/м²,11
230385.0,2020-09-01,230 385 ₽/м²,11
226710.0,2020-10-01,226 710 ₽/м²,11
228568.0,2020-11-01,228 568 ₽/м²,11
216203.0,2020-12-01,216 203 ₽/м²,11
216203.0,2021-01-01,216 203 ₽/м²,11
290741.0,2021-05-01,290 741 ₽/м²,11
272257.0,2021-06-01,272 257 ₽/м²,11
253772.0,2021-07-01,253 772 ₽/м²,11
312963.0,2021-09-01,312 963 ₽/м²,11
312963.0,2021-10-01,312 963 ₽/м²,11
303704.0,2021-11-01,303 704 ₽/м²,11
317131.0,2022-07-01,317 131 ₽/м²,11
270552.0,2022-09-01,270 552 ₽/м²,11
277675.0,2022-10-01,277 675 ₽/м²,11
270751.0,2022-11-01,270 751 ₽/м²,11
271680.0,2022-12-01,271 680 ₽/м²,11
265489.0,2023-01-01,265 489 ₽/м²,11
240000.0,2023-02-01,240 000 ₽/м²,11
243334.0,2023-03-01,243 334 ₽/м²,11
246600.0,2023-04-01,246 600 ₽/м²,11
246533.0,2023-05-01,246 533 ₽/м²,11
353271.0,2023-06-01,353 271 ₽/м²,11
353271.0,2023-07-01,353 271 ₽/м²,11
353271.0,2023-08-01,353 271 ₽/м²,11
353271.0,2023-09-01,353 271 ₽/м²,11
355012.0,2023-10-01,355 012 ₽/м²,11
350077.0,2023-11-01,350 077 ₽/м²,11
326299.0,2023-12-01,326 299 ₽/м²,11
333581.0,2024-01-01,333 581 ₽/м²,11
341211.0,2024-02-01,341 211 ₽/м²,11
326239.0,2024-03-01,326 239 ₽/м²,11
321918.0,2024-04-01,321 918 ₽/м²,11
340380.0,2024-05-01,340 380 ₽/м²,11
333805.0,2024-06-01,333 805 ₽/м²,11
280399.0,2024-07-01,280 399 ₽/м²,11
280998.0,2024-08-01,280 998 ₽/м²,11
273660.0,2024-09-01,273 660 ₽/м²,11
303173.0,2024-10-01,303 173 ₽/м²,11
289801.0,2024-11-01,289 801 ₽/м²,11
345138.0,2024-12-01,345 138 ₽/м²,11
333836.0,2025-01-01,333 836 ₽/м²,11
239521.0,2020-03-01,239 521 ₽/м²,12
247006.0,2020-04-01,247 006 ₽/м²,12
348048.0,2021-01-01,348 048 ₽/м²,12
348048.0,2021-02-01,348 048 ₽/м²,12
348048.0,2021-03-01,348 048 ₽/м²,12
348048.0,2021-04-01,348 048 ₽/м²,12
348048.0,2021-05-01,348 048 ₽/м²,12
348048.0,2021-06-01,348 048 ₽/м²,12
348048.0,2021-07-01,348 048 ₽/м²,12
342955.0,2021-08-01,342 955 ₽/м²,12
337861.0,2021-09-01,337 861 ₽/м²,12
337861.0,2021-10-01,337 861 ₽/м²,12
344652.0,2021-12-01,344 652 ₽/м²,12
363905.0,2022-06-01,363 905 ₽/м²,12
293442.0,2022-07-01,293 442 ₽/м²,12
293442.0,2022-08-01,293 442 ₽/м²,12
208333.0,2022-12-01,208 333 ₽/м²,12
216667.0,2023-01-01,216 667 ₽/м²,12
225000.0,2023-02-01,225 000 ₽/м²,12
225000.0,2023-04-01,225 000 ₽/м²,12
216667.0,2023-05-01,216 667 ₽/м²,12
216667.0,2023-06-01,216 667 ₽/м²,12
334465.0,2023-09-01,334 465 ₽/м²,12
319929.0,2024-02-01,319 929 ₽/м²,12
319596.0,2024-03-01,319 596 ₽/м²,12
313046.0,2024-04-01,313 046 ₽/м²,12
293630.0,2024-05-01,293 630 ₽/м²,12
293630.0,2024-06-01,293 630 ₽/м²,12
314103.0,2024-07-01,314 103 ₽/м²,12
315705.0,2024-08-01,315 705 ₽/м²,12
349150.0,2024-10-01,349 150 ₽/м²,12
338052.0,2024-11-01,338 052 ₽/м²,12
333383.0,2024-12-01,333 383 ₽/м²,12
322581.0,2025-01-01,322 581 ₽/м²,12
244989.0,2021-01-01,244 989 ₽/м²,13
238307.0,2021-02-01,238 307 ₽/м²,13
233853.0,2021-03-01,233 853 ₽/м²,13
280374.0,2021-06-01,280 374 ₽/м²,13
257009.0,2021-07-01,257 009 ₽/м²,13
286942.0,2022-02-01,286 942 ₽/м²,13
291041.0,2022-03-01,291 041 ₽/м²,13
272835.0,2022-04-01,272 835 ₽/м²,13
263866.0,2022-05-01,263 866 ₽/м²,13
264444.0,2022-06-01,264 444 ₽/м²,13
265556.0,2022-07-01,265 556 ₽/м²,13
264444.0,2022-08-01,264 444 ₽/м²,13
265000.0,2022-09-01,265 000 ₽/м²,13
264031.0,2022-10-01,264 031 ₽/м²,13
268407.0,2022-11-01,268 407 ₽/м²,13
264349.0,2022-12-01,264 349 ₽/м²,13
264516.0,2023-01-01,264 516 ₽/м²,13
260286.0,2023-02-01,260 286 ₽/м²,13
260286.0,2023-03-01,260 286 ₽/м²,13
257748.0,2023-04-01,257 748 ₽/м²,13
257271.0,2023-05-01,257 271 ₽/м²,13
296557.0,2023-06-01,296 557 ₽/м²,13
289225.0,2023-07-01,289 225 ₽/м²,13
289225.0,2023-08-01,289 225 ₽/м²,13
326807.0,2023-09-01,326 807 ₽/м²,13
260575.0,2023-12-01,260 575 ₽/м²,13
250846.0,2024-01-01,250 846 ₽/м²,13
292599.0,2024-06-01,292 599 ₽/м²,13
292599.0,2024-07-01,292 599 ₽/м²,13
282021.0,2024-08-01,282 021 ₽/м²,13
350594.0,2024-11-01,350 594 ₽/м²,13
315118.0,2024-12-01,315 118 ₽/м²,13
315118.0,2025-01-01,315 118 ₽/м²,13
238158.0,2020-02-01,238 158 ₽/м²,14
243797.0,2020-03-01,243 797 ₽/м²,14
251880.0,2020-04-01,251 880 ₽/м²,14
252176.0,2020-05-01,252 176 ₽/м²,14
243951.0,2020-06-01,243 951 ₽/м²,14
245546.0,2020-07-01,245 546 ₽/м²,14
246108.0,2020-08-01,246 108 ₽/м²,14
252485.0,2020-09-01,252 485 ₽/м²,14
248063.0,2020-10-01,248 063 ₽/м²,14
242105.0,2020-11-01,242 105 ₽/м²,14
280833.0,2020-12-01,280 833 ₽/м²,14
275042.0,2021-01-01,275 042 ₽/м²,14
276500.0,2021-03-01,276 500 ₽/м²,14
297635.0,2021-04-01,297 635 ₽/м²,14
303121.0,2021-05-01,303 121 ₽/м²,14
293873.0,2021-06-01,293 873 ₽/м²,14
286418.0,2021-07-01,286 418 ₽/м²,14
295224.0,2021-08-01,295 224 ₽/м²,14
286675.0,2021-09-01,286 675 ₽/м²,14
301174.0,2021-10-01,301 174 ₽/м²,14
344652.0,2021-11-01,344 652 ₽/м²,14
344652.0,2021-12-01,344 652 ₽/м²,14
344652.0,2022-01-01,344 652 ₽/м²,14
332432.0,2022-02-01,332 432 ₽/м²,14
434896.0,2022-05-01,434 896 ₽/м²,14
408854.0,2022-06-01,408 854 ₽/м²,14
408854.0,2022-07-01,408 854 ₽/м²,14
347899.0,2022-09-01,347 899 ₽/м²,14
328987.0,2022-11-01,328 987 ₽/м²,14
285989.0,2022-12-01,285 989 ₽/м²,14
285989.0,2023-01-01,285 989 ₽/м²,14
297468.0,2023-02-01,297 468 ₽/м²,14
329538.0,2023-03-01,329 538 ₽/м²,14
309591.0,2023-04-01,309 591 ₽/м²,14
294846.0,2023-05-01,294 846 ₽/м²,14
296968.0,2023-06-01,296 968 ₽/м²,14
293046.0,2023-07-01,293 046 ₽/м²,14
290987.0,2023-08-01,290 987 ₽/м²,14
298706.0,2023-09-01,298 706 ₽/м²,14
311321.0,2023-10-01,311 321 ₽/м²,14
311321.0,2023-11-01,311 321 ₽/м²,14
311321.0,2023-12-01,311 321 ₽/м²,14
311321.0,2024-01-01,311 321 ₽/м²,14
325960.0,2024-02-01,325 960 ₽/м²,14
327207.0,2024-03-01,327 207 ₽/м²,14
321349.0,2024-04-01,321 349 ₽/м²,14
300000.0,2024-05-01,300 000 ₽/м²,14
300000.0,2024-06-01,300 000 ₽/м²,14
300000.0,2024-07-01,300 000 ₽/м²,14
292453.0,2024-08-01,292 453 ₽/м²,14
292453.0,2024-09-01,292 453 ₽/м²,14
462624.0,2024-11-01,462 624 ₽/м²,14
414962.0,2024-12-01,414 962 ₽/м²,14
389618.0,2025-01-01,389 618 ₽/м²,14
228102.0,2020-02-01,228 102 ₽/м²,15
223540.0,2020-03-01,223 540 ₽/м²,15
223540.0,2020-04-01,223 540 ₽/м²,15
223540.0,2020-05-01,223 540 ₽/м²,15
228102.0,2020-06-01,228 102 ₽/м²,15
228102.0,2020-07-01,228 102 ₽/м²,15
234354.0,2020-08-01,234 354 ₽/м²,15
236251.0,2020-09-01,236 251 ₽/м²,15
240456.0,2020-10-01,240 456 ₽/м²,15
250996.0,2020-11-01,250 996 ₽/м²,15
266146.0,2020-12-01,266 146 ₽/м²,15
237226.0,2021-01-01,237 226 ₽/м²,15
237226.0,2021-02-01,237 226 ₽/м²,15
267073.0,2021-03-01,267 073 ₽/м²,15
258467.0,2021-04-01,258 467 ₽/м²,15
254679.0,2021-05-01,254 679 ₽/м²,15
252006.0,2021-06-01,252 006 ₽/м²,15
249554.0,2021-07-01,249 554 ₽/м²,15
251337.0,2021-08-01,251 337 ₽/м²,15
269231.0,2021-09-01,269 231 ₽/м²,15
317221.0,2022-02-01,317 221 ₽/м²,15
310219.0,2022-07-01,310 219 ₽/м²,15
310219.0,2022-08-01,310 219 ₽/м²,15
310219.0,2022-09-01,310 219 ₽/м²,15
321964.0,2022-10-01,321 964 ₽/м²,15
313348.0,2022-11-01,313 348 ₽/м²,15
299519.0,2022-12-01,299 519 ₽/м²,15
346064.0,2023-01-01,346 064 ₽/м²,15
336801.0,2023-02-01,336 801 ₽/м²,15
321000.0,2023-03-01,321 000 ₽/м²,15
325622.0,2023-04-01,325 622 ₽/м²,15
315347.0,2023-05-01,315 347 ₽/м²,15
309036.0,2023-06-01,309 036 ₽/м²,15
310066.0,2023-07-01,310 066 ₽/м²,15
307697.0,2023-08-01,307 697 ₽/м²,15
300151.0,2023-09-01,300 151 ₽/м²,15
314225.0,2023-10-01,314 225 ₽/м²,15
319643.0,2023-11-01,319 643 ₽/м²,15
319343.0,2023-12-01,319 343 ₽/м²,15
308394.0,2024-01-01,308 394 ₽/м²,15
336717.0,2024-02-01,336 717 ₽/м²,15
308394.0,2024-03-01,308 394 ₽/м²,15
314454.0,2024-04-01,314 454 ₽/м²,15
300059.0,2024-05-01,300 059 ₽/м²,15
291657.0,2024-06-01,291 657 ₽/м²,15
291657.0,2024-07-01,291 657 ₽/м²,15
271270.0,2024-08-01,271 270 ₽/м²,15
290789.0,2024-09-01,290 789 ₽/м²,15
286065.0,2024-10-01,286 065 ₽/м²,15
272913.0,2024-11-01,272 913 ₽/м²,15
246609.0,2024-12-01,246 609 ₽/м²,15
246609.0,2025-01-01,246 609 ₽/м²,15
213383.0,2020-02-01,213 383 ₽/м²,16
212603.0,2020-03-01,212 603 ₽/м²,16
192982.0,2020-05-01,192 982 ₽/м²,16
205128.0,2020-07-01,205 128 ₽/м²,16
218914.0,2020-09-01,218 914 ₽/м²,16
256917.0,2020-12-01,256 917 ₽/м²,16
256917.0,2021-01-01,256 917 ₽/м²,16
255929.0,2021-02-01,255 929 ₽/м²,16
255929.0,2021-03-01,255 929 ₽/м²,16
247196.0,2021-04-01,247 196 ₽/м²,16
248077.0,2021-05-01,248 077 ₽/м²,16
283784.0,2021-09-01,283 784 ₽/м²,16
282432.0,2021-10-01,282 432 ₽/м²,16
277215.0,2021-11-01,277 215 ₽/м²,16
277402.0,2021-12-01,277 402 ₽/м²,16
335761.0,2022-01-01,335 761 ₽/м²,16
335761.0,2022-02-01,335 761 ₽/м²,16
396825.0,2022-03-01,396 825 ₽/м²,16
396825.0,2022-04-01,396 825 ₽/м²,16
370034.0,2022-05-01,370 034 ₽/м²,16
349343.0,2022-06-01,349 343 ₽/м²,16
348188.0,2022-07-01,348 188 ₽/м²,16
333782.0,2022-08-01,333 782 ₽/м²,16
330624.0,2022-09-01,330 624 ₽/м²,16
330624.0,2022-10-01,330 624 ₽/м²,16
343915.0,2022-11-01,343 915 ₽/м²,16
343915.0,2022-12-01,343 915 ₽/м²,16
343915.0,2023-01-01,343 915 ₽/м²,16
289523.0,2023-02-01,289 523 ₽/м²,16
268569.0,2023-03-01,268 569 ₽/м²,16
275032.0,2023-04-01,275 032 ₽/м²,16
262869.0,2023-05-01,262 869 ₽/м²,16
272551.0,2023-06-01,272 551 ₽/м²,16
308495.0,2023-07-01,308 495 ₽/м²,16
325000.0,2023-08-01,325 000 ₽/м²,16
313584.0,2023-09-01,313 584 ₽/м²,16
305357.0,2023-10-01,305 357 ₽/м²,16
285714.0,2023-11-01,285 714 ₽/м²,16
343137.0,2024-01-01,343 137 ₽/м²,16
343137.0,2024-02-01,343 137 ₽/м²,16
329902.0,2024-03-01,329 902 ₽/м²,16
306404.0,2024-04-01,306 404 ₽/м²,16
309137.0,2024-05-01,309 137 ₽/м²,16
297599.0,2024-06-01,297 599 ₽/м²,16
309069.0,2024-07-01,309 069 ₽/м²,16
343137.0,2024-08-01,343 137 ₽/м²,16
314115.0,2024-09-01,314 115 ₽/м²,16
303303.0,2024-10-01,303 303 ₽/м²,16
296148.0,2024-11-01,296 148 ₽/м²,16
270867.0,2024-12-01,270 867 ₽/м²,16
270867.0,2025-01-01,270 867 ₽/м²,16
208333.0,2020-06-01,208 333 ₽/м²,17
200000.0,2020-07-01,200 000 ₽/м²,17
200000.0,2020-08-01,200 000 ₽/м²,17
214131.0,2020-09-01,214 131 ₽/м²,17
308152.0,2020-10-01,308 152 ₽/м²,17
199985.0,2020-11-01,199 985 ₽/м²,17
239170.0,2020-12-01,239 170 ₽/м²,17
221429.0,2021-01-01,221 429 ₽/м²,17
229359.0,2021-02-01,229 359 ₽/м²,17
225128.0,2021-03-01,225 128 ₽/м²,17
228284.0,2021-04-01,228 284 ₽/м²,17
233431.0,2021-05-01,233 431 ₽/м²,17
220833.0,2021-06-01,220 833 ₽/м²,17
239205.0,2021-07-01,239 205 ₽/м²,17
255556.0,2021-08-01,255 556 ₽/м²,17
251111.0,2021-09-01,251 111 ₽/м²,17
329827.0,2021-10-01,329 827 ₽/м²,17
328788.0,2021-11-01,328 788 ₽/м²,17
301538.0,2021-12-01,301 538 ₽/м²,17
301538.0,2022-01-01,301 538 ₽/м²,17
301538.0,2022-02-01,301 538 ₽/м²,17
326923.0,2022-03-01,326 923 ₽/м²,17
333333.0,2022-04-01,333 333 ₽/м²,17
317308.0,2022-05-01,317 308 ₽/м²,17
352289.0,2022-06-01,352 289 ₽/м²,17
336980.0,2022-07-01,336 980 ₽/м²,17
334398.0,2022-08-01,334 398 ₽/м²,17
339442.0,2022-09-01,339 442 ₽/м²,17
346047.0,2022-10-01,346 047 ₽/м²,17
342373.0,2022-11-01,342 373 ₽/м²,17
295198.0,2022-12-01,295 198 ₽/м²,17
296610.0,2023-01-01,296 610 ₽/м²,17
322218.0,2023-02-01,322 218 ₽/м²,17
304348.0,2023-03-01,304 348 ₽/м²,17
262492.0,2023-04-01,262 492 ₽/м²,17
262492.0,2023-05-01,262 492 ₽/м²,17
262492.0,2023-06-01,262 492 ₽/м²,17
286957.0,2023-07-01,286 957 ₽/м²,17
286957.0,2023-08-01,286 957 ₽/м²,17
286957.0,2023-09-01,286 957 ₽/м²,17
286957.0,2023-10-01,286 957 ₽/м²,17
293085.0,2023-11-01,293 085 ₽/м²,17
286957.0,2023-12-01,286 957 ₽/м²,17
260826.0,2024-01-01,260 826 ₽/м²,17
264781.0,2024-02-01,264 781 ₽/м²,17
296217.0,2024-03-01,296 217 ₽/м²,17
327372.0,2024-04-01,327 372 ₽/м²,17
320087.0,2024-06-01,320 087 ₽/м²,17
318422.0,2024-07-01,318 422 ₽/м²,17
308606.0,2024-08-01,308 606 ₽/м²,17
312049.0,2024-09-01,312 049 ₽/м²,17
297231.0,2024-10-01,297 231 ₽/м²,17
297299.0,2024-11-01,297 299 ₽/м²,17
303866.0,2024-12-01,303 866 ₽/м²,17
300031.0,2025-01-01,300 031 ₽/м²,17
213595.0,2020-05-01,213 595 ₽/м²,18
238507.0,2020-06-01,238 507 ₽/м²,18
243370.0,2020-07-01,243 370 ₽/м²,18
248390.0,2020-08-01,248 390 ₽/м²,18
252501.0,2020-09-01,252 501 ₽/м²,18
253665.0,2020-10-01,253 665 ₽/м²,18
253528.0,2020-11-01,253 528 ₽/м²,18
276316.0,2020-12-01,276 316 ₽/м²,18
282390.0,2021-01-01,282 390 ₽/м²,18
282390.0,2021-02-01,282 390 ₽/м²,18
280140.0,2021-03-01,280 140 ₽/м²,18
268895.0,2021-04-01,268 895 ₽/м²,18
269231.0,2021-05-01,269 231 ₽/м²,18
276368.0,2021-07-01,276 368 ₽/м²,18
278777.0,2021-08-01,278 777 ₽/м²,18
269231.0,2021-09-01,269 231 ₽/м²,18
269231.0,2021-10-01,269 231 ₽/м²,18
276339.0,2021-12-01,276 339 ₽/м²,18
276339.0,2022-01-01,276 339 ₽/м²,18
338608.0,2022-06-01,338 608 ₽/м²,18
326160.0,2022-07-01,326 160 ₽/м²,18
340806.0,2022-08-01,340 806 ₽/м²,18
347379.0,2022-09-01,347 379 ₽/м²,18
328962.0,2022-10-01,328 962 ₽/м²,18
321056.0,2022-11-01,321 056 ₽/м²,18
330242.0,2022-12-01,330 242 ₽/м²,18
329491.0,2023-01-01,329 491 ₽/м²,18
312782.0,2023-02-01,312 782 ₽/м²,18
304511.0,2023-03-01,304 511 ₽/м²,18
309544.0,2023-12-01,309 544 ₽/м²,18
311253.0,2024-01-01,311 253 ₽/м²,18
317847.0,2024-02-01,317 847 ₽/м²,18
330057.0,2024-03-01,330 057 ₽/м²,18
296012.0,2024-04-01,296 012 ₽/м²,18
296012.0,2024-05-01,296 012 ₽/м²,18
296012.0,2024-06-01,296 012 ₽/м²,18
387931.0,2024-11-01,387 931 ₽/м²,18
387931.0,2024-12-01,387 931 ₽/м²,18
392584.0,2025-01-01,392 584 ₽/м²,18
207595.0,2020-02-01,207 595 ₽/м²,19
220493.0,2020-03-01,220 493 ₽/м²,19
228764.0,2020-04-01,228 764 ₽/м²,19
228764.0,2020-05-01,228 764 ₽/м²,19
239315.0,2020-06-01,239 315 ₽/м²,19
236383.0,2020-07-01,236 383 ₽/м²,19
242815.0,2020-08-01,242 815 ₽/м²,19
264480.0,2020-09-01,264 480 ₽/м²,19
271186.0,2020-12-01,271 186 ₽/м²,19
253054.0,2021-01-01,253 054 ₽/м²,19
249660.0,2021-02-01,249 660 ₽/м²,19
241441.0,2021-03-01,241 441 ₽/м²,19
249352.0,2021-04-01,249 352 ₽/м²,19
258928.0,2021-05-01,258 928 ₽/м²,19
273997.0,2021-06-01,273 997 ₽/м²,19
294263.0,2021-07-01,294 263 ₽/м²,19
300768.0,2021-08-01,300 768 ₽/м²,19
286521.0,2021-09-01,286 521 ₽/м²,19
292509.0,2021-10-01,292 509 ₽/м²,19
308614.0,2021-11-01,308 614 ₽/м²,19
308614.0,2021-12-01,308 614 ₽/м²,19
314879.0,2022-01-01,314 879 ₽/м²,19
315990.0,2022-02-01,315 990 ₽/м²,19
327094.0,2022-04-01,327 094 ₽/м²,19
275862.0,2022-05-01,275 862 ₽/м²,19
272414.0,2022-06-01,272 414 ₽/м²,19
291396.0,2022-07-01,291 396 ₽/м²,19
300303.0,2022-08-01,300 303 ₽/м²,19
312955.0,2022-09-01,312 955 ₽/м²,19
315520.0,2022-10-01,315 520 ₽/м²,19
311993.0,2022-11-01,311 993 ₽/м²,19
311993.0,2022-12-01,311 993 ₽/м²,19
315520.0,2023-02-01,315 520 ₽/м²,19
315520.0,2023-03-01,315 520 ₽/м²,19
315520.0,2023-04-01,315 520 ₽/м²,19
345455.0,2023-08-01,345 455 ₽/м²,19
345455.0,2023-09-01,345 455 ₽/м²,19
387320.0,2024-09-01,387 320 ₽/м²,19
390781.0,2024-10-01,390 781 ₽/м²,19
380991.0,2024-11-01,380 991 ₽/м²,19
372210.0,2024-12-01,372 210 ₽/м²,19
369513.0,2025-01-01,369 513 ₽/м²,19
225158.0,2020-02-01,225 158 ₽/м²,20
225158.0,2020-03-01,225 158 ₽/м²,20
235714.0,2020-08-01,235 714 ₽/м²,20
265464.0,2020-11-01,265 464 ₽/м²,20
281544.0,2021-01-01,281 544 ₽/м²,20
281544.0,2021-02-01,281 544 ₽/м²,20
273070.0,2021-03-01,273 070 ₽/м²,20
273070.0,2021-04-01,273 070 ₽/м²,20
273070.0,2021-05-01,273 070 ₽/м²,20
273070.0,2021-06-01,273 070 ₽/м²,20
273070.0,2021-07-01,273 070 ₽/м²,20
264035.0,2021-08-01,264 035 ₽/м²,20
271186.0,2021-09-01,271 186 ₽/м²,20
271186.0,2021-10-01,271 186 ₽/м²,20
309568.0,2022-04-01,309 568 ₽/м²,20
309568.0,2022-05-01,309 568 ₽/м²,20
387500.0,2022-09-01,387 500 ₽/м²,20
374975.0,2022-10-01,374 975 ₽/м²,20
362500.0,2022-11-01,362 500 ₽/м²,20
362500.0,2022-12-01,362 500 ₽/м²,20
347091.0,2023-01-01,347 091 ₽/м²,20
341124.0,2023-02-01,341 124 ₽/м²,20
341124.0,2023-03-01,341 124 ₽/м²,20
310818.0,2023-04-01,310 818 ₽/м²,20
316479.0,2023-05-01,316 479 ₽/м²,20
310221.0,2023-06-01,310 221 ₽/м²,20
310818.0,2023-07-01,310 818 ₽/м²,20
304835.0,2023-08-01,304 835 ₽/м²,20
307310.0,2023-09-01,307 310 ₽/м²,20
331097.0,2023-10-01,331 097 ₽/м²,20
334563.0,2023-11-01,334 563 ₽/м²,20
333333.0,2023-12-01,333 333 ₽/м²,20
333333.0,2024-01-01,333 333 ₽/м²,20
335217.0,2024-02-01,335 217 ₽/м²,20
335217.0,2024-03-01,335 217 ₽/м²,20
326466.0,2024-04-01,326 466 ₽/м²,20
326466.0,2024-05-01,326 466 ₽/м²,20
371069.0,2024-10-01,371 069 ₽/м²,20
363913.0,2024-11-01,363 913 ₽/м²,20
365225.0,2024-12-01,365 225 ₽/м²,20
362653.0,2025-01-01,362 653 ₽/м²,20
228102.0,2020-02-01,228 102 ₽/м²,21
223540.0,2020-03-01,223 540 ₽/м²,21
223540.0,2020-04-01,223 540 ₽/м²,21
223540.0,2020-05-01,223 540 ₽/м²,21
228102.0,2020-06-01,228 102 ₽/м²,21
228102.0,2020-07-01,228 102 ₽/м²,21
234354.0,2020-08-01,234 354 ₽/м²,21
236251.0,2020-09-01,236 251 ₽/м²,21
240456.0,2020-10-01,240 456 ₽/м²,21
250996.0,2020-11-01,250 996 ₽/м²,21
266146.0,2020-12-01,266 146 ₽/м²,21
237226.0,2021-01-01,237 226 ₽/м²,21
237226.0,2021-02-01,237 226 ₽/м²,21
267073.0,2021-03-01,267 073 ₽/м²,21
258467.0,2021-04-01,258 467 ₽/м²,21
254679.0,2021-05-01,254 679 ₽/м²,21
252006.0,2021-06-01,252 006 ₽/м²,21
249554.0,2021-07-01,249 554 ₽/м²,21
251337.0,2021-08-01,251 337 ₽/м²,21
269231.0,2021-09-01,269 231 ₽/м²,21
317221.0,2022-02-01,317 221 ₽/м²,21
310219.0,2022-07-01,310 219 ₽/м²,21
310219.0,2022-08-01,310 219 ₽/м²,21
310219.0,2022-09-01,310 219 ₽/м²,21
321964.0,2022-10-01,321 964 ₽/м²,21
313348.0,2022-11-01,313 348 ₽/м²,21
299519.0,2022-12-01,299 519 ₽/м²,21
346064.0,2023-01-01,346 064 ₽/м²,21
336801.0,2023-02-01,336 801 ₽/м²,21
321000.0,2023-03-01,321 000 ₽/м²,21
325622.0,2023-04-01,325 622 ₽/м²,21
315347.0,2023-05-01,315 347 ₽/м²,21
309036.0,2023-06-01,309 036 ₽/м²,21
310066.0,2023-07-01,310 066 ₽/м²,21
307697.0,2023-08-01,307 697 ₽/м²,21
300151.0,2023-09-01,300 151 ₽/м²,21
314225.0,2023-10-01,314 225 ₽/м²,21
319643.0,2023-11-01,319 643 ₽/м²,21
319343.0,2023-12-01,319 343 ₽/м²,21
308394.0,2024-01-01,308 394 ₽/м²,21
336717.0,2024-02-01,336 717 ₽/м²,21
308394.0,2024-03-01,308 394 ₽/м²,21
314454.0,2024-04-01,314 454 ₽/м²,21
300059.0,2024-05-01,300 059 ₽/м²,21
291657.0,2024-06-01,291 657 ₽/м²,21
291657.0,2024-07-01,291 657 ₽/м²,21
271270.0,2024-08-01,271 270 ₽/м²,21
290789.0,2024-09-01,290 789 ₽/м²,21
286065.0,2024-10-01,286 065 ₽/м²,21
272913.0,2024-11-01,272 913 ₽/м²,21
246609.0,2024-12-01,246 609 ₽/м²,21
246609.0,2025-01-01,246 609 ₽/м²,21
226697.0,2020-02-01,226 697 ₽/м²,22
228286.0,2020-03-01,228 286 ₽/м²,22
227848.0,2020-04-01,227 848 ₽/м²,22
227848.0,2020-05-01,227 848 ₽/м²,22
227848.0,2020-06-01,227 848 ₽/м²,22
227848.0,2020-07-01,227 848 ₽/м²,22
240741.0,2020-09-01,240 741 ₽/м²,22
248718.0,2021-02-01,248 718 ₽/м²,22
252701.0,2021-03-01,252 701 ₽/м²,22
316216.0,2021-11-01,316 216 ₽/м²,22
316216.0,2021-12-01,316 216 ₽/м²,22
367500.0,2022-10-01,367 500 ₽/м²,22
347500.0,2022-11-01,347 500 ₽/м²,22
347500.0,2022-12-01,347 500 ₽/м²,22
347500.0,2023-01-01,347 500 ₽/м²,22
354005.0,2023-04-01,354 005 ₽/м²,22
351421.0,2023-05-01,351 421 ₽/м²,22
336951.0,2023-06-01,336 951 ₽/м²,22
326472.0,2023-07-01,326 472 ₽/м²,22
344349.0,2023-08-01,344 349 ₽/м²,22
351421.0,2023-09-01,351 421 ₽/м²,22
369509.0,2024-09-01,369 509 ₽/м²,22
394751.0,2024-10-01,394 751 ₽/м²,22
407372.0,2024-11-01,407 372 ₽/м²,22
458333.0,2024-12-01,458 333 ₽/м²,22
454710.0,2025-01-01,454 710 ₽/м²,22
242927.0,2020-02-01,242 927 ₽/м²,23
242351.0,2020-03-01,242 351 ₽/м²,23
251566.0,2020-04-01,251 566 ₽/м²,23
246988.0,2020-05-01,246 988 ₽/м²,23
244174.0,2020-06-01,244 174 ₽/м²,23
243590.0,2020-07-01,243 590 ₽/м²,23
246395.0,2020-08-01,246 395 ₽/м²,23
255285.0,2020-09-01,255 285 ₽/м²,23
261753.0,2020-10-01,261 753 ₽/м²,23
291135.0,2020-11-01,291 135 ₽/м²,23
281323.0,2020-12-01,281 323 ₽/м²,23
284284.0,2021-01-01,284 284 ₽/м²,23
311502.0,2021-02-01,311 502 ₽/м²,23
307023.0,2021-03-01,307 023 ₽/м²,23
313211.0,2021-04-01,313 211 ₽/м²,23
320164.0,2021-05-01,320 164 ₽/м²,23
312993.0,2021-06-01,312 993 ₽/м²,23
359906.0,2021-07-01,359 906 ₽/м²,23
341545.0,2021-08-01,341 545 ₽/м²,23
366401.0,2021-09-01,366 401 ₽/м²,23
375756.0,2021-10-01,375 756 ₽/м²,23
362513.0,2021-11-01,362 513 ₽/м²,23
351489.0,2021-12-01,351 489 ₽/м²,23
340085.0,2022-01-01,340 085 ₽/м²,23
324766.0,2022-02-01,324 766 ₽/м²,23
356852.0,2022-03-01,356 852 ₽/м²,23
379022.0,2022-04-01,379 022 ₽/м²,23
377270.0,2022-05-01,377 270 ₽/м²,23
376233.0,2022-06-01,376 233 ₽/м²,23
369228.0,2022-07-01,369 228 ₽/м²,23
375657.0,2022-08-01,375 657 ₽/м²,23
376267.0,2022-09-01,376 267 ₽/м²,23
377582.0,2022-10-01,377 582 ₽/м²,23
362372.0,2022-11-01,362 372 ₽/м²,23
362093.0,2022-12-01,362 093 ₽/м²,23
359132.0,2023-01-01,359 132 ₽/м²,23
366458.0,2023-02-01,366 458 ₽/м²,23
365115.0,2023-03-01,365 115 ₽/м²,23
370030.0,2023-04-01,370 030 ₽/м²,23
376177.0,2023-05-01,376 177 ₽/м²,23
384917.0,2023-06-01,384 917 ₽/м²,23
370457.0,2023-07-01,370 457 ₽/м²,23
376312.0,2023-08-01,376 312 ₽/м²,23
389150.0,2023-09-01,389 150 ₽/м²,23
407914.0,2023-10-01,407 914 ₽/м²,23
419965.0,2023-11-01,419 965 ₽/м²,23
392410.0,2023-12-01,392 410 ₽/м²,23
405257.0,2024-01-01,405 257 ₽/м²,23
400906.0,2024-02-01,400 906 ₽/м²,23
408069.0,2024-03-01,408 069 ₽/м²,23
391625.0,2024-04-01,391 625 ₽/м²,23
395624.0,2024-05-01,395 624 ₽/м²,23
397748.0,2024-06-01,397 748 ₽/м²,23
380021.0,2024-07-01,380 021 ₽/м²,23
394689.0,2024-08-01,394 689 ₽/м²,23
410395.0,2024-09-01,410 395 ₽/м²,23
439353.0,2024-10-01,439 353 ₽/м²,23
431643.0,2024-11-01,431 643 ₽/м²,23
419871.0,2024-12-01,419 871 ₽/м²,23
416272.0,2025-01-01,416 272 ₽/м²,23
173507.0,2020-02-01,173 507 ₽/м²,24
162688.0,2020-03-01,162 688 ₽/м²,24
174407.0,2020-04-01,174 407 ₽/м²,24
173886.0,2020-05-01,173 886 ₽/м²,24
175646.0,2020-06-01,175 646 ₽/м²,24
172781.0,2020-07-01,172 781 ₽/м²,24
172561.0,2020-08-01,172 561 ₽/м²,24
185959.0,2020-09-01,185 959 ₽/м²,24
208651.0,2020-10-01,208 651 ₽/м²,24
187302.0,2020-11-01,187 302 ₽/м²,24
228000.0,2020-12-01,228 000 ₽/м²,24
234366.0,2021-01-01,234 366 ₽/м²,24
226049.0,2021-02-01,226 049 ₽/м²,24
219072.0,2021-03-01,219 072 ₽/м²,24
213420.0,2021-04-01,213 420 ₽/м²,24
247832.0,2021-05-01,247 832 ₽/м²,24
260671.0,2021-06-01,260 671 ₽/м²,24
262459.0,2021-07-01,262 459 ₽/м²,24
259939.0,2021-08-01,259 939 ₽/м²,24
241146.0,2021-09-01,241 146 ₽/м²,24
260721.0,2021-10-01,260 721 ₽/м²,24
233203.0,2021-11-01,233 203 ₽/м²,24
306000.0,2022-03-01,306 000 ₽/м²,24
282285.0,2022-04-01,282 285 ₽/м²,24
276727.0,2022-05-01,276 727 ₽/м²,24
271733.0,2022-06-01,271 733 ₽/м²,24
273831.0,2022-07-01,273 831 ₽/м²,24
279086.0,2022-08-01,279 086 ₽/м²,24
279086.0,2022-09-01,279 086 ₽/м²,24
253462.0,2022-10-01,253 462 ₽/м²,24
254457.0,2022-11-01,254 457 ₽/м²,24
242216.0,2022-12-01,242 216 ₽/м²,24
217054.0,2023-01-01,217 054 ₽/м²,24
209302.0,2023-02-01,209 302 ₽/м²,24
241119.0,2023-03-01,241 119 ₽/м²,24
252294.0,2023-04-01,252 294 ₽/м²,24
259174.0,2023-05-01,259 174 ₽/м²,24
260322.0,2023-06-01,260 322 ₽/м²,24
285038.0,2023-07-01,285 038 ₽/м²,24
228527.0,2023-08-01,228 527 ₽/м²,24
232694.0,2023-09-01,232 694 ₽/м²,24
304740.0,2023-10-01,304 740 ₽/м²,24
300038.0,2023-11-01,300 038 ₽/м²,24
300153.0,2023-12-01,300 153 ₽/м²,24
331032.0,2024-01-01,331 032 ₽/м²,24
343000.0,2024-02-01,343 000 ₽/м²,24
320897.0,2024-03-01,320 897 ₽/м²,24
235714.0,2024-04-01,235 714 ₽/м²,24
280886.0,2024-05-01,280 886 ₽/м²,24
333030.0,2024-06-01,333 030 ₽/м²,24
322465.0,2024-07-01,322 465 ₽/м²,24
330425.0,2024-08-01,330 425 ₽/м²,24
294697.0,2024-09-01,294 697 ₽/м²,24
281175.0,2024-10-01,281 175 ₽/м²,24
261055.0,2024-11-01,261 055 ₽/м²,24
242203.0,2024-12-01,242 203 ₽/м²,24
254108.0,2025-01-01,254 108 ₽/м²,24
256526.0,2020-02-01,256 526 ₽/м²,25
245710.0,2020-03-01,245 710 ₽/м²,25
259856.0,2020-04-01,259 856 ₽/м²,25
269729.0,2020-05-01,269 729 ₽/м²,25
199140.0,2020-06-01,199 140 ₽/м²,25
281579.0,2020-07-01,281 579 ₽/м²,25
281579.0,2020-08-01,281 579 ₽/м²,25
281579.0,2020-09-01,281 579 ₽/м²,25
276316.0,2020-10-01,276 316 ₽/м²,25
265405.0,2020-11-01,265 405 ₽/м²,25
280464.0,2021-01-01,280 464 ₽/м²,25
278390.0,2021-02-01,278 390 ₽/м²,25
266341.0,2021-03-01,266 341 ₽/м²,25
269203.0,2021-05-01,269 203 ₽/м²,25
278634.0,2021-06-01,278 634 ₽/м²,25
291404.0,2021-08-01,291 404 ₽/м²,25
301790.0,2021-09-01,301 790 ₽/м²,25
290984.0,2021-10-01,290 984 ₽/м²,25
290984.0,2021-11-01,290 984 ₽/м²,25
300303.0,2021-12-01,300 303 ₽/м²,25
316263.0,2022-01-01,316 263 ₽/м²,25
368112.0,2022-02-01,368 112 ₽/м²,25
372248.0,2022-03-01,372 248 ₽/м²,25
337912.0,2022-07-01,337 912 ₽/м²,25
337912.0,2022-08-01,337 912 ₽/м²,25
373799.0,2022-09-01,373 799 ₽/м²,25
363543.0,2022-10-01,363 543 ₽/м²,25
362866.0,2022-11-01,362 866 ₽/м²,25
353571.0,2022-12-01,353 571 ₽/м²,25
355699.0,2023-01-01,355 699 ₽/м²,25
341966.0,2023-02-01,341 966 ₽/м²,25
341147.0,2023-03-01,341 147 ₽/м²,25
344539.0,2023-04-01,344 539 ₽/м²,25
330832.0,2023-05-01,330 832 ₽/м²,25
324378.0,2023-06-01,324 378 ₽/м²,25
327720.0,2023-07-01,327 720 ₽/м²,25
343605.0,2023-08-01,343 605 ₽/м²,25
351925.0,2023-09-01,351 925 ₽/м²,25
348148.0,2023-10-01,348 148 ₽/м²,25
358408.0,2023-11-01,358 408 ₽/м²,25
380000.0,2023-12-01,380 000 ₽/м²,25
380000.0,2024-01-01,380 000 ₽/м²,25
373334.0,2024-02-01,373 334 ₽/м²,25
373334.0,2024-03-01,373 334 ₽/м²,25
363584.0,2024-04-01,363 584 ₽/м²,25
380000.0,2024-05-01,380 000 ₽/м²,25
378140.0,2024-06-01,378 140 ₽/м²,25
369042.0,2024-07-01,369 042 ₽/м²,25
396293.0,2024-08-01,396 293 ₽/м²,25
390189.0,2024-09-01,390 189 ₽/м²,25
406156.0,2024-10-01,406 156 ₽/м²,25
421027.0,2024-11-01,421 027 ₽/м²,25
398143.0,2024-12-01,398 143 ₽/м²,25
393762.0,2025-01-01,393 762 ₽/м²,25
208333.0,2020-06-01,208 333 ₽/м²,26
200000.0,2020-07-01,200 000 ₽/м²,26
200000.0,2020-08-01,200 000 ₽/м²,26
214131.0,2020-09-01,214 131 ₽/м²,26
308152.0,2020-10-01,308 152 ₽/м²,26
199985.0,2020-11-01,199 985 ₽/м²,26
239170.0,2020-12-01,239 170 ₽/м²,26
221429.0,2021-01-01,221 429 ₽/м²,26
229359.0,2021-02-01,229 359 ₽/м²,26
225128.0,2021-03-01,225 128 ₽/м²,26
228284.0,2021-04-01,228 284 ₽/м²,26
233431.0,2021-05-01,233 431 ₽/м²,26
220833.0,2021-06-01,220 833 ₽/м²,26
239205.0,2021-07-01,239 205 ₽/м²,26
255556.0,2021-08-01,255 556 ₽/м²,26
251111.0,2021-09-01,251 111 ₽/м²,26
329827.0,2021-10-01,329 827 ₽/м²,26
328788.0,2021-11-01,328 788 ₽/м²,26
301538.0,2021-12-01,301 538 ₽/м²,26
301538.0,2022-01-01,301 538 ₽/м²,26
301538.0,2022-02-01,301 538 ₽/м²,26
326923.0,2022-03-01,326 923 ₽/м²,26
333333.0,2022-04-01,333 333 ₽/м²,26
317308.0,2022-05-01,317 308 ₽/м²,26
352289.0,2022-06-01,352 289 ₽/м²,26
336980.0,2022-07-01,336 980 ₽/м²,26
334398.0,2022-08-01,334 398 ₽/м²,26
339442.0,2022-09-01,339 442 ₽/м²,26
346047.0,2022-10-01,346 047 ₽/м²,26
342373.0,2022-11-01,342 373 ₽/м²,26
295198.0,2022-12-01,295 198 ₽/м²,26
296610.0,2023-01-01,296 610 ₽/м²,26
322218.0,2023-02-01,322 218 ₽/м²,26
304348.0,2023-03-01,304 348 ₽/м²,26
262492.0,2023-04-01,262 492 ₽/м²,26
262492.0,2023-05-01,262 492 ₽/м²,26
262492.0,2023-06-01,262 492 ₽/м²,26
286957.0,2023-07-01,286 957 ₽/м²,26
286957.0,2023-08-01,286 957 ₽/м²,26
286957.0,2023-09-01,286 957 ₽/м²,26
286957.0,2023-10-01,286 957 ₽/м²,26
293085.0,2023-11-01,293 085 ₽/м²,26
286957.0,2023-12-01,286 957 ₽/м²,26
260826.0,2024-01-01,260 826 ₽/м²,26
264781.0,2024-02-01,264 781 ₽/м²,26
296217.0,2024-03-01,296 217 ₽/м²,26
327372.0,2024-04-01,327 372 ₽/м²,26
320087.0,2024-06-01,320 087 ₽/м²,26
318422.0,2024-07-01,318 422 ₽/м²,26
308606.0,2024-08-01,308 606 ₽/м²,26
312049.0,2024-09-01,312 049 ₽/м²,26
297231.0,2024-10-01,297 231 ₽/м²,26
297299.0,2024-11-01,297 299 ₽/м²,26
303866.0,2024-12-01,303 866 ₽/м²,26
300031.0,2025-01-01,300 031 ₽/м²,26
250515.0,2020-02-01,250 515 ₽/м²,27
263670.0,2020-03-01,263 670 ₽/м²,27
258714.0,2020-08-01,258 714 ₽/м²,27
299479.0,2020-09-01,299 479 ₽/м²,27
326923.0,2020-12-01,326 923 ₽/м²,27
320513.0,2021-01-01,320 513 ₽/м²,27
320513.0,2021-02-01,320 513 ₽/м²,27
320513.0,2021-03-01,320 513 ₽/м²,27
298126.0,2021-04-01,298 126 ₽/м²,27
299063.0,2021-05-01,299 063 ₽/м²,27
289330.0,2021-06-01,289 330 ₽/м²,27
302756.0,2021-07-01,302 756 ₽/м²,27
290968.0,2021-08-01,290 968 ₽/м²,27
292415.0,2021-09-01,292 415 ₽/м²,27
313116.0,2021-10-01,313 116 ₽/м²,27
321811.0,2021-11-01,321 811 ₽/м²,27
347633.0,2021-12-01,347 633 ₽/м²,27
340323.0,2022-01-01,340 323 ₽/м²,27
338563.0,2022-02-01,338 563 ₽/м²,27
313380.0,2022-03-01,313 380 ₽/м²,27
387250.0,2022-04-01,387 250 ₽/м²,27
342942.0,2022-05-01,342 942 ₽/м²,27
342942.0,2022-06-01,342 942 ₽/м²,27
320566.0,2022-09-01,320 566 ₽/м²,27
319614.0,2022-10-01,319 614 ₽/м²,27
302867.0,2022-11-01,302 867 ₽/м²,27
313317.0,2022-12-01,313 317 ₽/м²,27
310440.0,2023-01-01,310 440 ₽/м²,27
299050.0,2023-02-01,299 050 ₽/м²,27
302742.0,2023-03-01,302 742 ₽/м²,27
291364.0,2023-04-01,291 364 ₽/м²,27
304472.0,2023-05-01,304 472 ₽/м²,27
281195.0,2023-06-01,281 195 ₽/м²,27
279439.0,2023-07-01,279 439 ₽/м²,27
281195.0,2023-08-01,281 195 ₽/м²,27
281195.0,2023-09-01,281 195 ₽/м²,27
370180.0,2023-11-01,370 180 ₽/м²,27
349614.0,2023-12-01,349 614 ₽/м²,27
350246.0,2024-01-01,350 246 ₽/м²,27
331160.0,2024-02-01,331 160 ₽/м²,27
318766.0,2024-03-01,318 766 ₽/м²,27
313625.0,2024-04-01,313 625 ₽/м²,27
334916.0,2024-05-01,334 916 ₽/м²,27
334916.0,2024-06-01,334 916 ₽/м²,27
320819.0,2024-07-01,320 819 ₽/м²,27
320819.0,2024-08-01,320 819 ₽/м²,27
346341.0,2025-01-01,346 341 ₽/м²,27
227778.0,2020-07-01,227 778 ₽/м²,28
229630.0,2020-08-01,229 630 ₽/м²,28
182500.0,2020-09-01,182 500 ₽/м²,28
182500.0,2020-10-01,182 500 ₽/м²,28
211714.0,2020-11-01,211 714 ₽/м²,28
245353.0,2021-04-01,245 353 ₽/м²,28
237149.0,2021-05-01,237 149 ₽/м²,28
235290.0,2021-06-01,235 290 ₽/м²,28
243049.0,2021-07-01,243 049 ₽/м²,28
239777.0,2021-08-01,239 777 ₽/м²,28
239777.0,2021-09-01,239 777 ₽/м²,28
239777.0,2021-10-01,239 777 ₽/м²,28
239777.0,2021-11-01,239 777 ₽/м²,28
252186.0,2021-12-01,252 186 ₽/м²,28
252186.0,2022-01-01,252 186 ₽/м²,28
254731.0,2022-02-01,254 731 ₽/м²,28
320756.0,2022-07-01,320 756 ₽/м²,28
351816.0,2022-08-01,351 816 ₽/м²,28
351816.0,2022-09-01,351 816 ₽/м²,28
343212.0,2022-10-01,343 212 ₽/м²,28
343212.0,2022-11-01,343 212 ₽/м²,28
312280.0,2022-12-01,312 280 ₽/м²,28
308082.0,2023-01-01,308 082 ₽/м²,28
298398.0,2023-02-01,298 398 ₽/м²,28
310580.0,2023-03-01,310 580 ₽/м²,28
310580.0,2023-04-01,310 580 ₽/м²,28
341542.0,2023-05-01,341 542 ₽/м²,28
341542.0,2023-06-01,341 542 ₽/м²,28
312500.0,2023-07-01,312 500 ₽/м²,28
312500.0,2023-08-01,312 500 ₽/м²,28
312500.0,2023-09-01,312 500 ₽/м²,28
312500.0,2023-10-01,312 500 ₽/м²,28
288326.0,2023-11-01,288 326 ₽/м²,28
312500.0,2023-12-01,312 500 ₽/м²,28
313750.0,2024-01-01,313 750 ₽/м²,28
327194.0,2024-02-01,327 194 ₽/м²,28
339388.0,2024-03-01,339 388 ₽/м²,28
326837.0,2024-04-01,326 837 ₽/м²,28
295238.0,2024-05-01,295 238 ₽/м²,28
317313.0,2024-06-01,317 313 ₽/м²,28
317313.0,2024-07-01,317 313 ₽/м²,28
295238.0,2024-08-01,295 238 ₽/м²,28
285714.0,2024-09-01,285 714 ₽/м²,28
303028.0,2024-10-01,303 028 ₽/м²,28
266667.0,2024-11-01,266 667 ₽/м²,28
266667.0,2024-12-01,266 667 ₽/м²,28
266667.0,2025-01-01,266 667 ₽/м²,28
200000.0,2020-02-01,200 000 ₽/м²,29
259090.0,2021-01-01,259 090 ₽/м²,29
259090.0,2021-02-01,259 090 ₽/м²,29
259090.0,2021-03-01,259 090 ₽/м²,29
259090.0,2021-04-01,259 090 ₽/м²,29
259090.0,2021-05-01,259 090 ₽/м²,29
261898.0,2021-06-01,261 898 ₽/м²,29
264706.0,2021-07-01,264 706 ₽/м²,29
288643.0,2021-08-01,288 643 ₽/м²,29
308338.0,2021-09-01,308 338 ₽/м²,29
288643.0,2021-10-01,288 643 ₽/м²,29
259104.0,2021-11-01,259 104 ₽/м²,29
348894.0,2022-04-01,348 894 ₽/м²,29
270327.0,2022-07-01,270 327 ₽/м²,29
270327.0,2022-08-01,270 327 ₽/м²,29
239296.0,2022-09-01,239 296 ₽/м²,29
239296.0,2022-10-01,239 296 ₽/м²,29
232254.0,2022-11-01,232 254 ₽/м²,29
224648.0,2022-12-01,224 648 ₽/м²,29
267027.0,2023-01-01,267 027 ₽/м²,29
254589.0,2023-02-01,254 589 ₽/м²,29
255809.0,2023-03-01,255 809 ₽/м²,29
277228.0,2023-04-01,277 228 ₽/м²,29
305623.0,2023-08-01,305 623 ₽/м²,29
308401.0,2023-09-01,308 401 ₽/м²,29
318859.0,2023-10-01,318 859 ₽/м²,29
313472.0,2023-11-01,313 472 ₽/м²,29
321514.0,2023-12-01,321 514 ₽/м²,29
296966.0,2024-01-01,296 966 ₽/м²,29
284908.0,2024-02-01,284 908 ₽/м²,29
268492.0,2024-03-01,268 492 ₽/м²,29
281247.0,2024-04-01,281 247 ₽/м²,29
268084.0,2024-05-01,268 084 ₽/м²,29
291562.0,2024-06-01,291 562 ₽/м²,29
289673.0,2024-07-01,289 673 ₽/м²,29
289798.0,2024-08-01,289 798 ₽/м²,29
284744.0,2024-09-01,284 744 ₽/м²,29
286942.0,2024-10-01,286 942 ₽/м²,29
290706.0,2024-11-01,290 706 ₽/м²,29
286433.0,2024-12-01,286 433 ₽/м²,29
287622.0,2025-01-01,287 622 ₽/м²,29
238158.0,2020-02-01,238 158 ₽/м²,30
243797.0,2020-03-01,243 797 ₽/м²,30
251880.0,2020-04-01,251 880 ₽/м²,30
252176.0,2020-05-01,252 176 ₽/м²,30
243951.0,2020-06-01,243 951 ₽/м²,30
245546.0,2020-07-01,245 546 ₽/м²,30
246108.0,2020-08-01,246 108 ₽/м²,30
252485.0,2020-09-01,252 485 ₽/м²,30
248063.0,2020-10-01,248 063 ₽/м²,30
242105.0,2020-11-01,242 105 ₽/м²,30
280833.0,2020-12-01,280 833 ₽/м²,30
275042.0,2021-01-01,275 042 ₽/м²,30
276500.0,2021-03-01,276 500 ₽/м²,30
297635.0,2021-04-01,297 635 ₽/м²,30
303121.0,2021-05-01,303 121 ₽/м²,30
293873.0,2021-06-01,293 873 ₽/м²,30
286418.0,2021-07-01,286 418 ₽/м²,30
295224.0,2021-08-01,295 224 ₽/м²,30
286675.0,2021-09-01,286 675 ₽/м²,30
301174.0,2021-10-01,301 174 ₽/м²,30
344652.0,2021-11-01,344 652 ₽/м²,30
344652.0,2021-12-01,344 652 ₽/м²,30
344652.0,2022-01-01,344 652 ₽/м²,30
332432.0,2022-02-01,332 432 ₽/м²,30
434896.0,2022-05-01,434 896 ₽/м²,30
408854.0,2022-06-01,408 854 ₽/м²,30
408854.0,2022-07-01,408 854 ₽/м²,30
347899.0,2022-09-01,347 899 ₽/м²,30
328987.0,2022-11-01,328 987 ₽/м²,30
285989.0,2022-12-01,285 989 ₽/м²,30
285989.0,2023-01-01,285 989 ₽/м²,30
297468.0,2023-02-01,297 468 ₽/м²,30
329538.0,2023-03-01,329 538 ₽/м²,30
309591.0,2023-04-01,309 591 ₽/м²,30
294846.0,2023-05-01,294 846 ₽/м²,30
296968.0,2023-06-01,296 968 ₽/м²,30
293046.0,2023-07-01,293 046 ₽/м²,30
290987.0,2023-08-01,290 987 ₽/м²,30
298706.0,2023-09-01,298 706 ₽/м²,30
311321.0,2023-10-01,311 321 ₽/м²,30
311321.0,2023-11-01,311 321 ₽/м²,30
311321.0,2023-12-01,311 321 ₽/м²,30
311321.0,2024-01-01,311 321 ₽/м²,30
325960.0,2024-02-01,325 960 ₽/м²,30
327207.0,2024-03-01,327 207 ₽/м²,30
321349.0,2024-04-01,321 349 ₽/м²,30
300000.0,2024-05-01,300 000 ₽/м²,30
300000.0,2024-06-01,300 000 ₽/м²,30
300000.0,2024-07-01,300 000 ₽/м²,30
292453.0,2024-08-01,292 453 ₽/м²,30
292453.0,2024-09-01,292 453 ₽/м²,30
462624.0,2024-11-01,462 624 ₽/м²,30
414962.0,2024-12-01,414 962 ₽/м²,30
389618.0,2025-01-01,389 618 ₽/м²,30
178689.0,2020-02-01,178 689 ₽/м²,31
184211.0,2020-03-01,184 211 ₽/м²,31
189732.0,2020-04-01,189 732 ₽/м²,31
189732.0,2020-05-01,189 732 ₽/м²,31
181480.0,2020-06-01,181 480 ₽/м²,31
180804.0,2020-07-01,180 804 ₽/м²,31
203448.0,2020-08-01,203 448 ₽/м²,31
235151.0,2020-09-01,235 151 ₽/м²,31
251003.0,2020-10-01,251 003 ₽/м²,31
206682.0,2020-12-01,206 682 ₽/м²,31
279339.0,2021-02-01,279 339 ₽/м²,31
277653.0,2021-03-01,277 653 ₽/м²,31
266041.0,2021-04-01,266 041 ₽/м²,31
266545.0,2021-05-01,266 545 ₽/м²,31
261739.0,2021-06-01,261 739 ₽/м²,31
256734.0,2021-07-01,256 734 ₽/м²,31
261259.0,2021-08-01,261 259 ₽/м²,31
262717.0,2021-09-01,262 717 ₽/м²,31
262289.0,2021-10-01,262 289 ₽/м²,31
239316.0,2021-11-01,239 316 ₽/м²,31
249749.0,2021-12-01,249 749 ₽/м²,31
257706.0,2022-01-01,257 706 ₽/м²,31
253817.0,2022-02-01,253 817 ₽/м²,31
316742.0,2022-04-01,316 742 ₽/м²,31
342424.0,2022-05-01,342 424 ₽/м²,31
346254.0,2022-06-01,346 254 ₽/м²,31
325305.0,2022-07-01,325 305 ₽/м²,31
312878.0,2022-08-01,312 878 ₽/м²,31
299894.0,2022-09-01,299 894 ₽/м²,31
305105.0,2022-10-01,305 105 ₽/м²,31
311773.0,2022-11-01,311 773 ₽/м²,31
310730.0,2022-12-01,310 730 ₽/м²,31
310730.0,2023-01-01,310 730 ₽/м²,31
287879.0,2023-02-01,287 879 ₽/м²,31
287879.0,2023-03-01,287 879 ₽/м²,31
287879.0,2023-04-01,287 879 ₽/м²,31
287879.0,2023-05-01,287 879 ₽/м²,31
232172.0,2023-06-01,232 172 ₽/м²,31
232172.0,2023-07-01,232 172 ₽/м²,31
232172.0,2023-08-01,232 172 ₽/м²,31
232172.0,2023-09-01,232 172 ₽/м²,31
277778.0,2024-01-01,277 778 ₽/м²,31
313147.0,2024-04-01,313 147 ₽/м²,31
315148.0,2024-05-01,315 148 ₽/м²,31
307083.0,2024-06-01,307 083 ₽/м²,31
304648.0,2024-07-01,304 648 ₽/м²,31
301235.0,2024-08-01,301 235 ₽/м²,31
288407.0,2024-09-01,288 407 ₽/м²,31
284629.0,2024-10-01,284 629 ₽/м²,31
325840.0,2024-11-01,325 840 ₽/м²,31
303333.0,2024-12-01,303 333 ₽/м²,31
316111.0,2025-01-01,316 111 ₽/м²,31
243168.0,2020-10-01,243 168 ₽/м²,32
288882.0,2020-11-01,288 882 ₽/м²,32
278396.0,2020-12-01,278 396 ₽/м²,32
273250.0,2021-01-01,273 250 ₽/м²,32
270000.0,2021-02-01,270 000 ₽/м²,32
272743.0,2021-03-01,272 743 ₽/м²,32
274065.0,2021-04-01,274 065 ₽/м²,32
276393.0,2021-05-01,276 393 ₽/м²,32
273114.0,2021-06-01,273 114 ₽/м²,32
266351.0,2021-07-01,266 351 ₽/м²,32
258729.0,2021-08-01,258 729 ₽/м²,32
246780.0,2021-09-01,246 780 ₽/м²,32
247119.0,2021-10-01,247 119 ₽/м²,32
245763.0,2021-11-01,245 763 ₽/м²,32
353916.0,2022-04-01,353 916 ₽/м²,32
334337.0,2022-05-01,334 337 ₽/м²,32
334337.0,2022-06-01,334 337 ₽/м²,32
286145.0,2022-07-01,286 145 ₽/м²,32
278614.0,2022-08-01,278 614 ₽/м²,32
278614.0,2022-09-01,278 614 ₽/м²,32
289157.0,2022-10-01,289 157 ₽/м²,32
289157.0,2022-11-01,289 157 ₽/м²,32
275654.0,2023-02-01,275 654 ₽/м²,32
259557.0,2023-03-01,259 557 ₽/м²,32
254779.0,2023-04-01,254 779 ₽/м²,32
246212.0,2023-05-01,246 212 ₽/м²,32
242424.0,2023-06-01,242 424 ₽/м²,32
242424.0,2023-07-01,242 424 ₽/м²,32
334328.0,2024-06-01,334 328 ₽/м²,32
334328.0,2024-07-01,334 328 ₽/м²,32
394203.0,2024-10-01,394 203 ₽/м²,32
368116.0,2024-11-01,368 116 ₽/м²,32
345956.0,2024-12-01,345 956 ₽/м²,32
323795.0,2025-01-01,323 795 ₽/м²,32
215047.0,2020-02-01,215 047 ₽/м²,33
229891.0,2020-03-01,229 891 ₽/м²,33
238580.0,2020-04-01,238 580 ₽/м²,33
238580.0,2020-05-01,238 580 ₽/м²,33
229760.0,2020-06-01,229 760 ₽/м²,33
234039.0,2020-07-01,234 039 ₽/м²,33
236719.0,2020-08-01,236 719 ₽/м²,33
222657.0,2020-10-01,222 657 ₽/м²,33
198438.0,2020-11-01,198 438 ₽/м²,33
198438.0,2020-12-01,198 438 ₽/м²,33
232968.0,2021-01-01,232 968 ₽/м²,33
229567.0,2021-02-01,229 567 ₽/м²,33
223077.0,2021-03-01,223 077 ₽/м²,33
260731.0,2021-04-01,260 731 ₽/м²,33
257000.0,2021-05-01,257 000 ₽/м²,33
220866.0,2021-06-01,220 866 ₽/м²,33
238462.0,2021-09-01,238 462 ₽/м²,33
246772.0,2021-10-01,246 772 ₽/м²,33
254464.0,2021-11-01,254 464 ₽/м²,33
288637.0,2021-12-01,288 637 ₽/м²,33
283139.0,2022-01-01,283 139 ₽/м²,33
246835.0,2022-02-01,246 835 ₽/м²,33
279588.0,2022-03-01,279 588 ₽/м²,33
296805.0,2022-04-01,296 805 ₽/м²,33
290359.0,2022-05-01,290 359 ₽/м²,33
318182.0,2022-07-01,318 182 ₽/м²,33
318182.0,2022-08-01,318 182 ₽/м²,33
318182.0,2022-09-01,318 182 ₽/м²,33
300710.0,2022-10-01,300 710 ₽/м²,33
279430.0,2022-11-01,279 430 ₽/м²,33
299771.0,2022-12-01,299 771 ₽/м²,33
285408.0,2023-01-01,285 408 ₽/м²,33
304920.0,2023-02-01,304 920 ₽/м²,33
296496.0,2023-03-01,296 496 ₽/м²,33
319241.0,2023-04-01,319 241 ₽/м²,33
335085.0,2023-05-01,335 085 ₽/м²,33
336601.0,2023-06-01,336 601 ₽/м²,33
317006.0,2023-07-01,317 006 ₽/м²,33
309417.0,2023-08-01,309 417 ₽/м²,33
309417.0,2023-09-01,309 417 ₽/м²,33
323221.0,2023-10-01,323 221 ₽/м²,33
351346.0,2023-11-01,351 346 ₽/м²,33
345285.0,2023-12-01,345 285 ₽/м²,33
334529.0,2024-01-01,334 529 ₽/м²,33
361720.0,2024-02-01,361 720 ₽/м²,33
335543.0,2024-03-01,335 543 ₽/м²,33
325302.0,2024-04-01,325 302 ₽/м²,33
320369.0,2024-05-01,320 369 ₽/м²,33
315089.0,2024-06-01,315 089 ₽/м²,33
313419.0,2024-07-01,313 419 ₽/м²,33
306733.0,2024-08-01,306 733 ₽/м²,33
308424.0,2024-09-01,308 424 ₽/м²,33
309782.0,2024-10-01,309 782 ₽/м²,33
304971.0,2024-11-01,304 971 ₽/м²,33
281587.0,2024-12-01,281 587 ₽/м²,33
277110.0,2025-01-01,277 110 ₽/м²,33
265736.0,2020-02-01,265 736 ₽/м²,34
248092.0,2020-03-01,248 092 ₽/м²,34
222407.0,2020-04-01,222 407 ₽/м²,34
206697.0,2020-05-01,206 697 ₽/м²,34
260467.0,2020-06-01,260 467 ₽/м²,34
261511.0,2020-07-01,261 511 ₽/м²,34
280552.0,2020-08-01,280 552 ₽/м²,34
270023.0,2020-09-01,270 023 ₽/м²,34
251334.0,2020-10-01,251 334 ₽/м²,34
256805.0,2020-11-01,256 805 ₽/м²,34
259234.0,2020-12-01,259 234 ₽/м²,34
269546.0,2021-01-01,269 546 ₽/м²,34
270309.0,2021-02-01,270 309 ₽/м²,34
308835.0,2021-03-01,308 835 ₽/м²,34
316706.0,2021-04-01,316 706 ₽/м²,34
327724.0,2021-05-01,327 724 ₽/м²,34
321358.0,2021-06-01,321 358 ₽/м²,34
318773.0,2021-07-01,318 773 ₽/м²,34
327457.0,2021-08-01,327 457 ₽/м²,34
332742.0,2021-09-01,332 742 ₽/м²,34
332715.0,2021-10-01,332 715 ₽/м²,34
329673.0,2021-11-01,329 673 ₽/м²,34
326130.0,2021-12-01,326 130 ₽/м²,34
320517.0,2022-01-01,320 517 ₽/м²,34
326237.0,2022-02-01,326 237 ₽/м²,34
360996.0,2022-03-01,360 996 ₽/м²,34
376783.0,2022-04-01,376 783 ₽/м²,34
362330.0,2022-05-01,362 330 ₽/м²,34
360164.0,2022-06-01,360 164 ₽/м²,34
365505.0,2022-07-01,365 505 ₽/м²,34
385038.0,2022-08-01,385 038 ₽/м²,34
377609.0,2022-09-01,377 609 ₽/м²,34
351977.0,2022-10-01,351 977 ₽/м²,34
347139.0,2022-11-01,347 139 ₽/м²,34
352781.0,2022-12-01,352 781 ₽/м²,34
365663.0,2023-01-01,365 663 ₽/м²,34
358889.0,2023-02-01,358 889 ₽/м²,34
353968.0,2023-03-01,353 968 ₽/м²,34
357848.0,2023-04-01,357 848 ₽/м²,34
363801.0,2023-05-01,363 801 ₽/м²,34
366458.0,2023-06-01,366 458 ₽/м²,34
377585.0,2023-07-01,377 585 ₽/м²,34
359980.0,2023-08-01,359 980 ₽/м²,34
324570.0,2023-09-01,324 570 ₽/м²,34
360989.0,2023-10-01,360 989 ₽/м²,34
358257.0,2023-11-01,358 257 ₽/м²,34
362373.0,2023-12-01,362 373 ₽/м²,34
363580.0,2024-01-01,363 580 ₽/м²,34
348824.0,2024-02-01,348 824 ₽/м²,34
360334.0,2024-03-01,360 334 ₽/м²,34
374481.0,2024-04-01,374 481 ₽/м²,34
389128.0,2024-05-01,389 128 ₽/м²,34
398432.0,2024-06-01,398 432 ₽/м²,34
423196.0,2024-07-01,423 196 ₽/м²,34
412586.0,2024-08-01,412 586 ₽/м²,34
427773.0,2024-09-01,427 773 ₽/м²,34
414362.0,2024-10-01,414 362 ₽/м²,34
413650.0,2024-11-01,413 650 ₽/м²,34
418952.0,2024-12-01,418 952 ₽/м²,34
432991.0,2025-01-01,432 991 ₽/м²,34
256800.0,2020-02-01,256 800 ₽/м²,35
248645.0,2020-03-01,248 645 ₽/м²,35
248645.0,2020-04-01,248 645 ₽/м²,35
248645.0,2020-05-01,248 645 ₽/м²,35
248645.0,2020-06-01,248 645 ₽/м²,35
237705.0,2020-07-01,237 705 ₽/м²,35
234426.0,2020-08-01,234 426 ₽/м²,35
234426.0,2020-09-01,234 426 ₽/м²,35
236931.0,2020-10-01,236 931 ₽/м²,35
236931.0,2020-11-01,236 931 ₽/м²,35
230401.0,2020-12-01,230 401 ₽/м²,35
226667.0,2021-01-01,226 667 ₽/м²,35
227778.0,2021-02-01,227 778 ₽/м²,35
211111.0,2021-03-01,211 111 ₽/м²,35
210000.0,2021-04-01,210 000 ₽/м²,35
228629.0,2021-05-01,228 629 ₽/м²,35
248524.0,2021-06-01,248 524 ₽/м²,35
256108.0,2021-07-01,256 108 ₽/м²,35
259128.0,2021-08-01,259 128 ₽/м²,35
259128.0,2021-09-01,259 128 ₽/м²,35
269824.0,2021-10-01,269 824 ₽/м²,35
270925.0,2021-11-01,270 925 ₽/м²,35
270925.0,2021-12-01,270 925 ₽/м²,35
270925.0,2022-01-01,270 925 ₽/м²,35
257497.0,2022-02-01,257 497 ₽/м²,35
270925.0,2022-03-01,270 925 ₽/м²,35
331658.0,2022-05-01,331 658 ₽/м²,35
300869.0,2022-06-01,300 869 ₽/м²,35
281362.0,2022-07-01,281 362 ₽/м²,35
267186.0,2022-08-01,267 186 ₽/м²,35
293927.0,2022-09-01,293 927 ₽/м²,35
276145.0,2022-10-01,276 145 ₽/м²,35
258415.0,2022-11-01,258 415 ₽/м²,35
259955.0,2022-12-01,259 955 ₽/м²,35
254171.0,2023-01-01,254 171 ₽/м²,35
252760.0,2023-02-01,252 760 ₽/м²,35
247599.0,2023-03-01,247 599 ₽/м²,35
261107.0,2023-04-01,261 107 ₽/м²,35
265123.0,2023-05-01,265 123 ₽/м²,35
262475.0,2023-06-01,262 475 ₽/м²,35
272548.0,2023-07-01,272 548 ₽/м²,35
293971.0,2023-08-01,293 971 ₽/м²,35
297644.0,2023-09-01,297 644 ₽/м²,35
301077.0,2023-10-01,301 077 ₽/м²,35
316322.0,2023-11-01,316 322 ₽/м²,35
300206.0,2023-12-01,300 206 ₽/м²,35
310591.0,2024-01-01,310 591 ₽/м²,35
297797.0,2024-02-01,297 797 ₽/м²,35
292114.0,2024-03-01,292 114 ₽/м²,35
292206.0,2024-04-01,292 206 ₽/м²,35
286520.0,2024-05-01,286 520 ₽/м²,35
298461.0,2024-06-01,298 461 ₽/м²,35
311901.0,2024-07-01,311 901 ₽/м²,35
316732.0,2024-08-01,316 732 ₽/м²,35
282481.0,2024-09-01,282 481 ₽/м²,35
289490.0,2024-10-01,289 490 ₽/м²,35
285205.0,2024-11-01,285 205 ₽/м²,35
266045.0,2024-12-01,266 045 ₽/м²,35
276008.0,2025-01-01,276 008 ₽/м²,35
179487.0,2020-03-01,179 487 ₽/м²,36
179487.0,2020-04-01,179 487 ₽/м²,36
179487.0,2020-05-01,179 487 ₽/м²,36
177778.0,2020-06-01,177 778 ₽/м²,36
177778.0,2020-07-01,177 778 ₽/м²,36
228889.0,2020-10-01,228 889 ₽/м²,36
215556.0,2020-11-01,215 556 ₽/м²,36
224380.0,2020-12-01,224 380 ₽/м²,36
224380.0,2021-01-01,224 380 ₽/м²,36
225491.0,2021-02-01,225 491 ₽/м²,36
217892.0,2021-03-01,217 892 ₽/м²,36
218533.0,2021-04-01,218 533 ₽/м²,36
217713.0,2021-05-01,217 713 ₽/м²,36
273369.0,2021-06-01,273 369 ₽/м²,36
280692.0,2021-07-01,280 692 ₽/м²,36
280134.0,2021-08-01,280 134 ₽/м²,36
274554.0,2021-09-01,274 554 ₽/м²,36
274554.0,2021-10-01,274 554 ₽/м²,36
265625.0,2021-11-01,265 625 ₽/м²,36
350000.0,2022-09-01,350 000 ₽/м²,36
306748.0,2023-01-01,306 748 ₽/м²,36
306748.0,2023-02-01,306 748 ₽/м²,36
309512.0,2023-03-01,309 512 ₽/м²,36
307192.0,2023-04-01,307 192 ₽/м²,36
303189.0,2023-05-01,303 189 ₽/м²,36
317553.0,2023-06-01,317 553 ₽/м²,36
312883.0,2023-07-01,312 883 ₽/м²,36
291429.0,2023-08-01,291 429 ₽/м²,36
291429.0,2023-09-01,291 429 ₽/м²,36
264967.0,2023-10-01,264 967 ₽/м²,36
264967.0,2023-11-01,264 967 ₽/м²,36
363636.0,2023-12-01,363 636 ₽/м²,36
347403.0,2024-01-01,347 403 ₽/м²,36
336364.0,2024-02-01,336 364 ₽/м²,36
330640.0,2024-03-01,330 640 ₽/м²,36
311111.0,2024-04-01,311 111 ₽/м²,36
313279.0,2024-05-01,313 279 ₽/м²,36
292438.0,2024-06-01,292 438 ₽/м²,36
286213.0,2024-07-01,286 213 ₽/м²,36
304955.0,2024-08-01,304 955 ₽/м²,36
291412.0,2024-09-01,291 412 ₽/м²,36
292721.0,2024-10-01,292 721 ₽/м²,36
292721.0,2024-11-01,292 721 ₽/м²,36
292721.0,2024-12-01,292 721 ₽/м²,36
292721.0,2025-01-01,292 721 ₽/м²,36
195000.0,2020-06-01,195 000 ₽/м²,37
261538.0,2021-02-01,261 538 ₽/м²,37
255385.0,2021-03-01,255 385 ₽/м²,37
255385.0,2021-04-01,255 385 ₽/м²,37
262222.0,2021-06-01,262 222 ₽/м²,37
249015.0,2021-07-01,249 015 ₽/м²,37
250629.0,2021-08-01,250 629 ₽/м²,37
256111.0,2021-09-01,256 111 ₽/м²,37
281772.0,2021-10-01,281 772 ₽/м²,37
289415.0,2021-11-01,289 415 ₽/м²,37
292793.0,2021-12-01,292 793 ₽/м²,37
289888.0,2022-05-01,289 888 ₽/м²,37
293258.0,2022-06-01,293 258 ₽/м²,37
298876.0,2022-07-01,298 876 ₽/м²,37
258427.0,2022-11-01,258 427 ₽/м²,37
258427.0,2022-12-01,258 427 ₽/м²,37
259322.0,2023-05-01,259 322 ₽/м²,37
259322.0,2023-06-01,259 322 ₽/м²,37
292601.0,2023-09-01,292 601 ₽/м²,37
274664.0,2023-10-01,274 664 ₽/м²,37
267938.0,2023-11-01,267 938 ₽/м²,37
256727.0,2023-12-01,256 727 ₽/м²,37
269058.0,2024-01-01,269 058 ₽/м²,37
228700.0,2024-04-01,228 700 ₽/м²,37
228700.0,2024-05-01,228 700 ₽/м²,37
230942.0,2024-06-01,230 942 ₽/м²,37
230942.0,2024-07-01,230 942 ₽/м²,37
230942.0,2024-08-01,230 942 ₽/м²,37
230942.0,2024-09-01,230 942 ₽/м²,37
320695.0,2024-11-01,320 695 ₽/м²,37
315695.0,2024-12-01,315 695 ₽/м²,37
320695.0,2025-01-01,320 695 ₽/м²,37
213756.0,2020-02-01,213 756 ₽/м²,38
246841.0,2020-03-01,246 841 ₽/м²,38
247329.0,2020-04-01,247 329 ₽/м²,38
230769.0,2020-05-01,230 769 ₽/м²,38
237714.0,2020-06-01,237 714 ₽/м²,38
228619.0,2020-07-01,228 619 ₽/м²,38
231267.0,2020-08-01,231 267 ₽/м²,38
240634.0,2020-09-01,240 634 ₽/м²,38
245985.0,2020-10-01,245 985 ₽/м²,38
249751.0,2020-11-01,249 751 ₽/м²,38
244761.0,2020-12-01,244 761 ₽/м²,38
244761.0,2021-01-01,244 761 ₽/м²,38
244761.0,2021-02-01,244 761 ₽/м²,38
270833.0,2021-03-01,270 833 ₽/м²,38
267361.0,2021-04-01,267 361 ₽/м²,38
256944.0,2021-05-01,256 944 ₽/м²,38
256944.0,2021-06-01,256 944 ₽/м²,38
263889.0,2021-07-01,263 889 ₽/м²,38
279042.0,2021-08-01,279 042 ₽/м²,38
275816.0,2021-09-01,275 816 ₽/м²,38
275816.0,2021-10-01,275 816 ₽/м²,38
277778.0,2021-11-01,277 778 ₽/м²,38
291667.0,2021-12-01,291 667 ₽/м²,38
292834.0,2022-01-01,292 834 ₽/м²,38
297778.0,2022-02-01,297 778 ₽/м²,38
310727.0,2022-03-01,310 727 ₽/м²,38
333875.0,2022-04-01,333 875 ₽/м²,38
308737.0,2022-05-01,308 737 ₽/м²,38
291634.0,2022-06-01,291 634 ₽/м²,38
330028.0,2022-07-01,330 028 ₽/м²,38
320135.0,2022-08-01,320 135 ₽/м²,38
322166.0,2022-09-01,322 166 ₽/м²,38
316730.0,2022-10-01,316 730 ₽/м²,38
310027.0,2022-11-01,310 027 ₽/м²,38
298860.0,2022-12-01,298 860 ₽/м²,38
307169.0,2023-01-01,307 169 ₽/м²,38
297346.0,2023-02-01,297 346 ₽/м²,38
304211.0,2023-03-01,304 211 ₽/м²,38
309066.0,2023-04-01,309 066 ₽/м²,38
304986.0,2023-05-01,304 986 ₽/м²,38
310295.0,2023-06-01,310 295 ₽/м²,38
301778.0,2023-07-01,301 778 ₽/м²,38
314963.0,2023-08-01,314 963 ₽/м²,38
307938.0,2023-09-01,307 938 ₽/м²,38
316140.0,2023-10-01,316 140 ₽/м²,38
316798.0,2023-11-01,316 798 ₽/м²,38
320689.0,2023-12-01,320 689 ₽/м²,38
323666.0,2024-01-01,323 666 ₽/м²,38
324514.0,2024-02-01,324 514 ₽/м²,38
319793.0,2024-03-01,319 793 ₽/м²,38
330833.0,2024-04-01,330 833 ₽/м²,38
333255.0,2024-05-01,333 255 ₽/м²,38
326577.0,2024-06-01,326 577 ₽/м²,38
336598.0,2024-07-01,336 598 ₽/м²,38
333733.0,2024-08-01,333 733 ₽/м²,38
345070.0,2024-09-01,345 070 ₽/м²,38
341521.0,2024-10-01,341 521 ₽/м²,38
337662.0,2024-11-01,337 662 ₽/м²,38
352329.0,2024-12-01,352 329 ₽/м²,38
371429.0,2025-01-01,371 429 ₽/м²,38
201613.0,2020-10-01,201 613 ₽/м²,39
198413.0,2020-12-01,198 413 ₽/м²,39
252747.0,2021-04-01,252 747 ₽/м²,39
252747.0,2021-05-01,252 747 ₽/м²,39
244296.0,2021-06-01,244 296 ₽/м²,39
239458.0,2021-07-01,239 458 ₽/м²,39
271132.0,2021-11-01,271 132 ₽/м²,39
264069.0,2021-12-01,264 069 ₽/м²,39
263364.0,2022-01-01,263 364 ₽/м²,39
261782.0,2022-02-01,261 782 ₽/м²,39
261703.0,2022-03-01,261 703 ₽/м²,39
315079.0,2022-04-01,315 079 ₽/м²,39
309348.0,2022-05-01,309 348 ₽/м²,39
297158.0,2022-06-01,297 158 ₽/м²,39
324222.0,2022-07-01,324 222 ₽/м²,39
329341.0,2022-08-01,329 341 ₽/м²,39
295678.0,2022-09-01,295 678 ₽/м²,39
295030.0,2022-10-01,295 030 ₽/м²,39
293748.0,2022-11-01,293 748 ₽/м²,39
277099.0,2022-12-01,277 099 ₽/м²,39
273496.0,2023-01-01,273 496 ₽/м²,39
270943.0,2023-02-01,270 943 ₽/м²,39
277338.0,2023-03-01,277 338 ₽/м²,39
285638.0,2023-04-01,285 638 ₽/м²,39
271017.0,2023-05-01,271 017 ₽/м²,39
285558.0,2023-06-01,285 558 ₽/м²,39
241774.0,2023-07-01,241 774 ₽/м²,39
274032.0,2023-08-01,274 032 ₽/м²,39
283723.0,2023-09-01,283 723 ₽/м²,39
270618.0,2023-10-01,270 618 ₽/м²,39
273673.0,2023-11-01,273 673 ₽/м²,39
298485.0,2023-12-01,298 485 ₽/м²,39
293939.0,2024-01-01,293 939 ₽/м²,39
290909.0,2024-02-01,290 909 ₽/м²,39
267677.0,2024-06-01,267 677 ₽/м²,39
339384.0,2024-07-01,339 384 ₽/м²,39
284431.0,2024-08-01,284 431 ₽/м²,39
284431.0,2024-09-01,284 431 ₽/м²,39
302711.0,2024-10-01,302 711 ₽/м²,39
271942.0,2024-11-01,271 942 ₽/м²,39
262057.0,2024-12-01,262 057 ₽/м²,39
266376.0,2025-01-01,266 376 ₽/м²,39
225222.0,2020-02-01,225 222 ₽/м²,40
226174.0,2020-03-01,226 174 ₽/м²,40
232118.0,2020-04-01,232 118 ₽/м²,40
232555.0,2020-05-01,232 555 ₽/м²,40
230642.0,2020-06-01,230 642 ₽/м²,40
223933.0,2020-07-01,223 933 ₽/м²,40
227149.0,2020-08-01,227 149 ₽/м²,40
235473.0,2020-09-01,235 473 ₽/м²,40
235473.0,2020-10-01,235 473 ₽/м²,40
247842.0,2020-11-01,247 842 ₽/м²,40
252090.0,2020-12-01,252 090 ₽/м²,40
260586.0,2021-01-01,260 586 ₽/м²,40
253582.0,2021-02-01,253 582 ₽/м²,40
268187.0,2021-03-01,268 187 ₽/м²,40
271444.0,2021-04-01,271 444 ₽/м²,40
271444.0,2021-05-01,271 444 ₽/м²,40
215172.0,2021-07-01,215 172 ₽/м²,40
217938.0,2021-08-01,217 938 ₽/м²,40
217938.0,2021-09-01,217 938 ₽/м²,40
319149.0,2022-02-01,319 149 ₽/м²,40
303704.0,2022-04-01,303 704 ₽/м²,40
303704.0,2022-05-01,303 704 ₽/м²,40
348936.0,2022-10-01,348 936 ₽/м²,40
330931.0,2022-11-01,330 931 ₽/м²,40
342164.0,2023-08-01,342 164 ₽/м²,40
347826.0,2023-09-01,347 826 ₽/м²,40
336066.0,2024-02-01,336 066 ₽/м²,40
336438.0,2024-03-01,336 438 ₽/м²,40
328453.0,2024-04-01,328 453 ₽/м²,40
328029.0,2024-05-01,328 029 ₽/м²,40
325897.0,2024-06-01,325 897 ₽/м²,40
325869.0,2024-07-01,325 869 ₽/м²,40
324347.0,2024-08-01,324 347 ₽/м²,40
322660.0,2024-09-01,322 660 ₽/м²,40
322022.0,2024-10-01,322 022 ₽/м²,40
321133.0,2024-11-01,321 133 ₽/м²,40
321133.0,2024-12-01,321 133 ₽/м²,40
321133.0,2025-01-01,321 133 ₽/м²,40
229730.0,2020-05-01,229 730 ₽/м²,41
320627.0,2020-06-01,320 627 ₽/м²,41
350838.0,2020-07-01,350 838 ₽/м²,41
336096.0,2020-08-01,336 096 ₽/м²,41
331376.0,2020-09-01,331 376 ₽/м²,41
331376.0,2020-10-01,331 376 ₽/м²,41
403292.0,2020-11-01,403 292 ₽/м²,41
403292.0,2020-12-01,403 292 ₽/м²,41
250000.0,2021-01-01,250 000 ₽/м²,41
410700.0,2021-03-01,410 700 ₽/м²,41
370370.0,2021-04-01,370 370 ₽/м²,41
308548.0,2021-05-01,308 548 ₽/м²,41
291120.0,2021-06-01,291 120 ₽/м²,41
291134.0,2021-07-01,291 134 ₽/м²,41
316718.0,2021-08-01,316 718 ₽/м²,41
316718.0,2021-09-01,316 718 ₽/м²,41
334328.0,2021-10-01,334 328 ₽/м²,41
311909.0,2021-11-01,311 909 ₽/м²,41
311214.0,2021-12-01,311 214 ₽/м²,41
311214.0,2022-01-01,311 214 ₽/м²,41
350342.0,2022-02-01,350 342 ₽/м²,41
346774.0,2022-03-01,346 774 ₽/м²,41
346774.0,2022-04-01,346 774 ₽/м²,41
346774.0,2022-05-01,346 774 ₽/м²,41
346774.0,2022-06-01,346 774 ₽/м²,41
302083.0,2022-11-01,302 083 ₽/м²,41
286859.0,2022-12-01,286 859 ₽/м²,41
305121.0,2023-01-01,305 121 ₽/м²,41
305121.0,2023-02-01,305 121 ₽/м²,41
305121.0,2023-03-01,305 121 ₽/м²,41
322581.0,2023-04-01,322 581 ₽/м²,41
322581.0,2023-05-01,322 581 ₽/м²,41
322581.0,2023-06-01,322 581 ₽/м²,41
322581.0,2023-07-01,322 581 ₽/м²,41
300153.0,2023-08-01,300 153 ₽/м²,41
328933.0,2023-12-01,328 933 ₽/м²,41
436214.0,2024-03-01,436 214 ₽/м²,41
412282.0,2024-04-01,412 282 ₽/м²,41
384771.0,2024-05-01,384 771 ₽/м²,41
368396.0,2024-06-01,368 396 ₽/м²,41
384615.0,2024-09-01,384 615 ₽/м²,41
367174.0,2024-10-01,367 174 ₽/м²,41
342973.0,2024-11-01,342 973 ₽/м²,41
350031.0,2024-12-01,350 031 ₽/м²,41
350031.0,2025-01-01,350 031 ₽/м²,41
223354.0,2020-02-01,223 354 ₽/м²,42
231762.0,2020-03-01,231 762 ₽/м²,42
227947.0,2020-04-01,227 947 ₽/м²,42
224370.0,2020-05-01,224 370 ₽/м²,42
226643.0,2020-06-01,226 643 ₽/м²,42
232908.0,2020-07-01,232 908 ₽/м²,42
232908.0,2020-08-01,232 908 ₽/м²,42
225434.0,2020-09-01,225 434 ₽/м²,42
231579.0,2020-10-01,231 579 ₽/м²,42
249763.0,2020-11-01,249 763 ₽/м²,42
242265.0,2020-12-01,242 265 ₽/м²,42
242332.0,2021-01-01,242 332 ₽/м²,42
248450.0,2021-02-01,248 450 ₽/м²,42
260990.0,2021-03-01,260 990 ₽/м²,42
257548.0,2021-04-01,257 548 ₽/м²,42
257659.0,2021-05-01,257 659 ₽/м²,42
263886.0,2021-06-01,263 886 ₽/м²,42
264200.0,2021-07-01,264 200 ₽/м²,42
257225.0,2021-08-01,257 225 ₽/м²,42
269909.0,2021-09-01,269 909 ₽/м²,42
289361.0,2021-10-01,289 361 ₽/м²,42
292421.0,2021-11-01,292 421 ₽/м²,42
295729.0,2021-12-01,295 729 ₽/м²,42
306936.0,2022-01-01,306 936 ₽/м²,42
323261.0,2022-02-01,323 261 ₽/м²,42
339207.0,2022-03-01,339 207 ₽/м²,42
348311.0,2022-04-01,348 311 ₽/м²,42
336216.0,2022-05-01,336 216 ₽/м²,42
345989.0,2022-06-01,345 989 ₽/м²,42
341607.0,2022-07-01,341 607 ₽/м²,42
321010.0,2022-08-01,321 010 ₽/м²,42
320626.0,2022-09-01,320 626 ₽/м²,42
325924.0,2022-10-01,325 924 ₽/м²,42
313097.0,2022-11-01,313 097 ₽/м²,42
307724.0,2022-12-01,307 724 ₽/м²,42
317562.0,2023-01-01,317 562 ₽/м²,42
315306.0,2023-02-01,315 306 ₽/м²,42
303232.0,2023-03-01,303 232 ₽/м²,42
302644.0,2023-04-01,302 644 ₽/м²,42
310869.0,2023-05-01,310 869 ₽/м²,42
298803.0,2023-06-01,298 803 ₽/м²,42
301185.0,2023-07-01,301 185 ₽/м²,42
312296.0,2023-08-01,312 296 ₽/м²,42
310264.0,2023-09-01,310 264 ₽/м²,42
313357.0,2023-10-01,313 357 ₽/м²,42
322906.0,2023-11-01,322 906 ₽/м²,42
318106.0,2023-12-01,318 106 ₽/м²,42
327461.0,2024-01-01,327 461 ₽/м²,42
315948.0,2024-02-01,315 948 ₽/м²,42
331891.0,2024-03-01,331 891 ₽/м²,42
331010.0,2024-04-01,331 010 ₽/м²,42
333071.0,2024-05-01,333 071 ₽/м²,42
330908.0,2024-06-01,330 908 ₽/м²,42
336797.0,2024-07-01,336 797 ₽/м²,42
340878.0,2024-08-01,340 878 ₽/м²,42
337437.0,2024-09-01,337 437 ₽/м²,42
334071.0,2024-10-01,334 071 ₽/м²,42
322376.0,2024-11-01,322 376 ₽/м²,42
328119.0,2024-12-01,328 119 ₽/м²,42
321755.0,2025-01-01,321 755 ₽/м²,42
224112.0,2020-02-01,224 112 ₽/м²,43
222396.0,2020-03-01,222 396 ₽/м²,43
213444.0,2020-04-01,213 444 ₽/м²,43
224653.0,2020-05-01,224 653 ₽/м²,43
206157.0,2020-06-01,206 157 ₽/м²,43
207835.0,2020-07-01,207 835 ₽/м²,43
207835.0,2020-08-01,207 835 ₽/м²,43
213767.0,2020-09-01,213 767 ₽/м²,43
213767.0,2020-10-01,213 767 ₽/м²,43
307112.0,2020-11-01,307 112 ₽/м²,43
276940.0,2020-12-01,276 940 ₽/м²,43
276940.0,2021-01-01,276 940 ₽/м²,43
301309.0,2021-02-01,301 309 ₽/м²,43
301309.0,2021-03-01,301 309 ₽/м²,43
293977.0,2021-04-01,293 977 ₽/м²,43
328314.0,2021-05-01,328 314 ₽/м²,43
301447.0,2021-06-01,301 447 ₽/м²,43
301447.0,2021-07-01,301 447 ₽/м²,43
309702.0,2021-08-01,309 702 ₽/м²,43
296537.0,2021-09-01,296 537 ₽/м²,43
300538.0,2021-10-01,300 538 ₽/м²,43
304350.0,2021-11-01,304 350 ₽/м²,43
310014.0,2021-12-01,310 014 ₽/м²,43
311075.0,2022-02-01,311 075 ₽/м²,43
328240.0,2022-03-01,328 240 ₽/м²,43
317590.0,2022-04-01,317 590 ₽/м²,43
291090.0,2022-05-01,291 090 ₽/м²,43
313394.0,2022-06-01,313 394 ₽/м²,43
319795.0,2022-07-01,319 795 ₽/м²,43
305332.0,2022-08-01,305 332 ₽/м²,43
306267.0,2022-09-01,306 267 ₽/м²,43
316595.0,2022-10-01,316 595 ₽/м²,43
307086.0,2022-11-01,307 086 ₽/м²,43
300978.0,2022-12-01,300 978 ₽/м²,43
291151.0,2023-01-01,291 151 ₽/м²,43
298630.0,2023-02-01,298 630 ₽/м²,43
315789.0,2023-03-01,315 789 ₽/м²,43
270441.0,2023-04-01,270 441 ₽/м²,43
302130.0,2023-05-01,302 130 ₽/м²,43
310038.0,2023-06-01,310 038 ₽/м²,43
297125.0,2023-07-01,297 125 ₽/м²,43
316334.0,2023-08-01,316 334 ₽/м²,43
334408.0,2023-09-01,334 408 ₽/м²,43
329107.0,2023-10-01,329 107 ₽/м²,43
334652.0,2023-11-01,334 652 ₽/м²,43
328326.0,2023-12-01,328 326 ₽/м²,43
324690.0,2024-01-01,324 690 ₽/м²,43
308307.0,2024-02-01,308 307 ₽/м²,43
307426.0,2024-03-01,307 426 ₽/м²,43
325115.0,2024-04-01,325 115 ₽/м²,43
326219.0,2024-05-01,326 219 ₽/м²,43
320096.0,2024-06-01,320 096 ₽/м²,43
331584.0,2024-07-01,331 584 ₽/м²,43
328575.0,2024-08-01,328 575 ₽/м²,43
344023.0,2024-09-01,344 023 ₽/м²,43
349430.0,2024-10-01,349 430 ₽/м²,43
337171.0,2024-11-01,337 171 ₽/м²,43
328817.0,2024-12-01,328 817 ₽/м²,43
308864.0,2025-01-01,308 864 ₽/м²,43
186546.0,2020-03-01,186 546 ₽/м²,44
185714.0,2020-04-01,185 714 ₽/м²,44
185714.0,2020-05-01,185 714 ₽/м²,44
264310.0,2021-05-01,264 310 ₽/м²,44
249158.0,2021-06-01,249 158 ₽/м²,44
237374.0,2021-07-01,237 374 ₽/м²,44
253333.0,2022-01-01,253 333 ₽/м²,44
303784.0,2022-02-01,303 784 ₽/м²,44
357207.0,2022-03-01,357 207 ₽/м²,44
304682.0,2022-04-01,304 682 ₽/м²,44
304081.0,2022-05-01,304 081 ₽/м²,44
345345.0,2022-06-01,345 345 ₽/м²,44
289339.0,2022-07-01,289 339 ₽/м²,44
233333.0,2022-08-01,233 333 ₽/м²,44
298972.0,2022-09-01,298 972 ₽/м²,44
291572.0,2022-10-01,291 572 ₽/м²,44
304514.0,2022-11-01,304 514 ₽/м²,44
300543.0,2022-12-01,300 543 ₽/м²,44
295384.0,2023-01-01,295 384 ₽/м²,44
303221.0,2023-02-01,303 221 ₽/м²,44
274426.0,2023-03-01,274 426 ₽/м²,44
263566.0,2023-04-01,263 566 ₽/м²,44
245000.0,2023-09-01,245 000 ₽/м²,44
250000.0,2023-10-01,250 000 ₽/м²,44
246667.0,2024-01-01,246 667 ₽/м²,44
241667.0,2024-02-01,241 667 ₽/м²,44
241667.0,2024-04-01,241 667 ₽/м²,44
241667.0,2024-05-01,241 667 ₽/м²,44
241667.0,2024-06-01,241 667 ₽/м²,44
266704.0,2024-10-01,266 704 ₽/м²,44
281372.0,2024-11-01,281 372 ₽/м²,44
249922.0,2024-12-01,249 922 ₽/м²,44
249922.0,2025-01-01,249 922 ₽/м²,44
